COGIDS	CONCEPT	GLOSS	PMX	TONE_GROUP	PMX_Josserand1983	JosserandID	PMX_Durr1987	PMXTone_Durr1987	DurrID	PMX_SwantonMendoza2021	PMXTone_SwantonMendoza2021	SwantonMendoza_ID	PMX_Swanton2021	PMXTone_Swanton2021	SwantonID	COMMENT
1	DAY (NOT NIGHT)	de día	ⁿduᴴwiᴴʔ	A8	NA	NA	NA	NA	NA	NA	NA	NA	NA	NA	NA	NA
2	ANIMAL	animal	kɨᴴtɨᴴʔ	A2	kɨtɨʔ	35	kɨtɨʔ	HHʔ	1	kɨtɨʔ	HHʔ	10	kɨtɨʔ	HHʔ	44	NA
5	ASH	ceniza	jaᴸaᴸʔ	B2	NA	NA	NA	NA	NA	NA	NA	NA	NA	NA	NA	small set
6	AUNT	tía	siᴴsiᴸ	C2	NA	NA	sisi	HL	35	NA	NA	NA	NA	NA	NA	NA
8	AVOCADO	aguacate	tɨᴴtiʔᴴ	A6	NA	NA	NA	NA	NA	NA	NA	NA	NA	NA	NA	the first vowel cannot be i, the reflexes would not fit with that
11	BACK	espalda	?aᴸtaᴸʔ	B2	NA	NA	NA	NA	NA	NA	NA	NA	tʃataʔ	LLʔ	118	the reflexes of the initial consonant do coincide with any other correspondence set; the Alta varieties look like they have *j, the Costa and part of the Alta like *tʃ, the Baja like *s; needs further research
13	BANANA	plátano	ⁿdɨᴴkaᴴ	A2	NA	NA	NA	NA	NA	NA	NA	NA	NA	NA	NA	NA
14	BANANA	plátano	tiᴴteᴸ	C3	NA	NA	NA	NA	NA	NA	NA	NA	NA	NA	NA	NA
17	OVEN	horno	tʃiᴸtũᴸ	B1	xitũ	54	NA	NA	NA	tʃitũ	LL	42	tʃitũ	LL	133	not totally sure about final vowel
18	BASKET	canasta	tiᴴkaᴴ	A3	NA	NA	NA	NA	NA	NA	NA	NA	NA	NA	NA	NA
19	TORTILLA BASKET	tenate	ⁿdoᴸʔoᴸʔ	B2	NA	NA	NA	NA	NA	NA	NA	NA	NA	NA	NA	NA
24	BEAN	frijol(es)	ⁿduᴴtiᴴʔ	A2	ⁿdutiʔ	21	NA	HHʔ	3	NA	HHʔ	NA	nutiʔ	HHʔ	80	NA
26	BED	cama, lecho	tʃiᴸtoᴴ	D1	xito	18	NA	NA	NA	NA	NA	NA	NA	NA	NA	NA
29	BEE	abeja	juᴸjũᴸʔ	B2	NA	NA	NA	NA	NA	NA	NA	NA	NA	NA	NA	NA
33	BEESWAX	cera	juᴸwẽᴸʔ	B2	juwẽʔ	7	NA	NA	NA	NA	NA	NA	NA	NA	NA	NA
36	BELLY OR STOMACH	barriga	tiᴸtʃĩᴴ	D1	NA	NA	tixi	LH	46	NA	NA	NA	NA	NA	NA	the initial ti doesn’t give the right reflexes in most varieties, maybe it’s tɨ?; some exceptions to the tone groups
42	BIG (PLURAL)	grande.PL	naᴴʔnuᴴʔ	A4	NA	NA	NA	NA	NA	NA	NA	NA	NA	NA	NA	NA
44	BIG (SINGULAR)	grande.SG	kaᴴʔnuᴴʔ	A4	kaʔnuʔ	65	kaʔnuʔ	M	98	(ʔ2)-kaʔnuʔ	ʔ2-HH	58	NA	NA	NA	NA
49	BIRD	pájaro	saᴴaᴸ	C1	tɨ+laa	147	tɨ+laa	HL	37	NA	NA	NA	NA	NA	NA	NA
51	BITTER	amargo	oᴸweᴸ	B1	owe	29	NA	NA	NA	NA	NA	NA	NA	NA	NA	NA
55	BLACK	negro	ⁿdeᴴʔjiᴴ	A8?	NA	NA	NA	NA	NA	NA	NA	NA	NA	NA	NA	little data, not enough for tone group
61	BLAME	culpa	kʷeᴸtiᴴ	D1	kʷeti	20	NA	NA	NA	kʷeti	LH	46	kʷeti	LH	59	NA
65	BLOOD	sangre	nɨᴸjɨᴸʔ	B2	nɨjɨʔ	39	NA	NA	NA	nɨjɨ̃ʔ	LLʔ	31	NA	NA	NA	NA
66	BLOUSE (WOVEN)	huipil	siᴸkõᴸ	B1	sikõ	48	NA	NA	NA	sikõ	LL	40	sikõ	LL	90	NA
69	BLOUSE (WOVEN)	camisa	soʔno	B2	NA	NA	NA	NA	NA	NA	NA	NA	soʔnõʔ	LLʔ	96	NA
74	BONE	hueso	jɨᴴkɨᴴʔ	A2	NA	NA	NA	HHʔ	11	NA	NA	NA	jɨkɨʔ	HHʔ	19	little data, but very regular; one has a nasal vowel
79	BOX OR CHEST	caja	tʃeᴸtũᴸʔ	B2	xetũʔ	55	NA	NA	NA	NA	NA	NA	NA	NA	NA	NA
84	BROTHER (OF MAN)	hermano de hombre	jeᴴniᴸ	C1	jeni	25	jeni	HL	40	jenĩ	HL	22	NA	NA	NA	NA
87	CAT	gato	NA	NA	NA	NA	NA	NA	NA	NA	NA	NA	NA	NA	NA	probably a wanderwort, not reconstructable
88	CAT	gato	NA	NA	NA	NA	NA	NA	NA	NA	NA	NA	NA	NA	NA	probably a wanderwort, not reconstructable
91	CAT	gato	wiluʔ	NA	wiluʔ	117	NA	NA	NA	NA	NA	NA	NA	NA	NA	probably its own tone set
93	CHARCOAL	carbón	tuᴸũᴸʔ	B2	NA	NA	NA	NA	NA	NA	NA	NA	NA	NA	NA	NA
93	BLACK	negro	tuᴸũᴸʔ	B4?	NA	NA	tuũʔ	M	95	NA	NA	NA	NA	NA	NA	NA
96	CHAYOTE	chayote	naᴴjãᴴ	A2	NA	NA	NA	NA	NA	NA	NA	NA	NA	NA	NA	NA
103	CHILD (DESCENDANT)	hijo, hija	saᴸʔjeᴴ	D1	saʔji	110	NA	LH	54	saʔjV	LH	48	saʔja	LH	84	a is definitely a possibility, but e requires less changes
107	CHILI PEPPER	chile	jaᴴʔaᴴʔ	A2	NA	NA	jaʔaʔ	HHʔ	12	jaʔaʔ	HHʔ	4	NA	NA	NA	NA
112	CLOTH OR CLOTHES	tela, ropa	saᴴʔwãᴴʔ	A2	NA	NA	NA	HHʔ	NA	saʔwãʔ	NA	NA	saʔwãʔ	HHʔ	88	NA
120	CLOUD	nube	wiᴸkoᴸʔ	B2	NA	NA	NA	NA	NA	NA	NA	NA	wikoʔ	LLʔ	139	NA
129	COLD	frio	wiᴸtʃĩᴴ	D1	wixĩ	124	NA	LH	59	witʃĩ	LH	51	witʃĩ	LH	145	NA
136	COMB	peine	kʷiᴸkaᴸ	B1	ku (i)ka	172	kuka	LL	77	NA	NA	NA	NA	NA	NA	NA
138	COOKING POT	olla	kɨᴸsɨᴴ	D1	kɨsɨ	94	NA	LH	49	kɨsɨ	LH	45	kɨsɨ	LH	43	NA
141	CORN	maíz	noᴸniᴸʔ	B2	noniʔ	85	NA	LLʔ	73	nonĩʔ	LLʔ	33	nonĩʔ	LLʔ	79	NA
142	CORN DOUGH	masa	juᴴtʃẽᴴʔ	A2	juxẽʔ	109	NA	NA	NA	NA	NA	NA	NA	NA	NA	NA
145	CORN FIELD	milpa	iᴴtuᴸ	C1	itu	169	NA	NA	NA	NA	NA	NA	NA	NA	NA	NA
146	CORN FIELD	milpa	wiju	NA	NA	NA	NA	NA	NA	NA	NA	NA	NA	NA	NA	NA
150	CORN STALK	rastrojo	jaᴸwãᴸʔ	B1	jawãʔ	108	NA	NA	NA	jawãʔ	LLʔ	26	jawãʔ	LLʔ	12	NA
157	COTTON	algodón	kaᴸtiᴸʔ	B2	katiʔ	50	NA	LLʔ	64	katiʔ	LLʔ	29	katiʔ	LLʔ	39	NA
159	CROSS-SEX SIBLING	hermano/a de genero opuesto	kuᴸʔwaᴴ	D1	NA	NA	kʷaʔa	LH	52	NA	NA	NA	NA	NA	NA	NA
161	MAMEY/ZAPOTE	mamey, zapote	ⁿdoᴴkoᴴʔ	A2	NA	NA	NA	NA	NA	NA	NA	NA	NA	NA	NA	NA
163	DAY (24 HOURS)	día	kɨᴸwɨᴸʔ	B2	kɨwɨʔ	154	NA	LLʔ	63	NA	NA	NA	kɨwɨʔ	LLʔ	46	NA
164	DEER	venado	iᴴsuᴸ	C1	isu	12	NA	HL	43	NA	NA	NA	isu	HL	7	NA
167	DEW	rocío	juᴴjuᴴʔ	A7	jujuʔ	178	NA	NA	NA	(ʔ)-jujoʔ	ʔ-HHʔ	52	NA	NA	NA	only one language in our sample has an o and all other reflexes fit with final *ju
168	DEW	rocío	katʃi	NA	NA	NA	NA	NA	NA	NA	NA	NA	NA	NA	NA	not sure about reconstruction
172	DISEASE	enfermedad	kʷeᴸʔjiᴸ	B1	kʷeʔji	161	NA	NA	NA	NA	NA	NA	kʷejɨ	LL	58	we have no reflexes in our data that would support a final ɨ
174	DOG	perro	iᴴnaᴸ	C1	NA	NA	NA	HL	44	(tɨ̀-)inã	(L-)HL	85	(tɨ̀-)inã	(L-)HL	107	NA
177	DREAM	sueño	tʃaᴸniᴴ	C5	NA	NA	NA	NA	NA	(B)-tʃani	L2-HL	79	NA	NA	NA	little data
183	GARBAGE	basura	jaka	NA	NA	NA	NA	NA	NA	NA	NA	NA	NA	NA	NA	few varieties; probably its own tone group but little data
184	DUST	polvo	juti	NA	NA	NA	NA	NA	NA	NA	NA	NA	NA	NA	NA	very little data, not enough for tone groups
192	HAWK	gavilán	tasũʔ	B2	tasũʔ	103	NA	NA	NA	NA	NA	NA	tasuʔ	LLʔ	98	the majority of reflexes have a nasal vowel; don’t know tone group, doesn’t fit with anything else
193	HAWK	gavilán	siʔjã	NA	NA	NA	NA	NA	NA	NA	NA	NA	NA	NA	NA	not so much data, but solid segmental correspondences
194	EAR	oreja	soᴸʔoᴴ	D1	loʔo	129	loʔo	LH	56	NA	NA	NA	NA	NA	NA	quite a few exceptions, maybe another tone subset
195	EAR	oreja	tutũ	NA	NA	NA	NA	NA	NA	NA	NA	NA	NA	NA	NA	NA
199	EAR OF CORN (FRESH)	elote	ⁿdɨᴴsiᴴ	A2	NA	NA	NA	NA	NA	NA	NA	NA	nɨsɨʔ	HHʔ	76	NA
204	EGG	huevo, blanquillo	ⁿdɨᴸwɨᴸʔ	B2	ⁿdɨwɨʔ	37	NA	NA	NA	nɨwɨʔ	LLʔ	32	nɨwɨʔ	LLʔ	77	NA
207	EIGHT	ocho	oᴸneᴸ	B1	one	89	NA	NA	NA	NA	NA	NA	NA	NA	NA	NA
210	FACE	cara	nuᴸuᴸʔ	B2	NA	NA	nuuʔ	LLʔ	72	NA	NA	NA	NA	NA	NA	NA
212	FAR	lejos	tʃiᴴkaᴸ	C6	NA	NA	NA	NA	NA	NA	NA	NA	NA	NA	NA	could also be G2
216	FAT (FROM ANIMALS)	grasa, manteca	seᴸʔẽᴴ	C5	seʔẽ	13	NA	NA	NA	(B)-seʔẽ	L2-HL	78	NA	NA	NA	not sure if this should be considered the same set as 418
220	FATHER VOCATIVE	papá!	tata	NA	NA	NA	NA	NA	NA	NA	NA	NA	NA	NA	NA	this is probably a loan?; don’t know tone group also because of vocative
221	FATHER	padre	juᴴwaᴴʔ	A2	NA	NA	NA	NA	NA	NA	NA	NA	NA	NA	NA	very few entries; but quite coherent
227	FEATHER	pluma	tOᴸwĩᴴ	C5	towĩ	5	NA	NA	NA	B-towĩ	L-HL	73	B-towĩ	L-HL	113	due to lack of other forms with this environment, it is not currently possible to tell whether the first vowel is o or u
234	FIFTEEN	quinze	tʃeᴸʔũᴸ	B1	xeʔũ	121	NA	NA	NA	NA	NA	NA	utʃi-oʔõ	LL-LL	135	Swanton’s reconstruction is probably the pre-proto-Mixtec form, but it cannot be the proto-Mixtec form
237	FINGERNAIL	uña	tɨᴸjɨ̃ᴸʔ	B6	NA	NA	NA	M	91	ʔ-tijũʔ	ʔ-LLʔ	69	tijĩʔ	ʔ-LLʔ	107	the reflexes do not fit with other *ijũ forms
240	FIRE	lumbre, fuego	juᴴʔũᴸ	C3	juʔũ	105	NA	NA	NA	NA	NA	NA	juʔũ	HL	27	NA
244	FIVE	cinco	oᴸʔõᴸ	B1	oʔõ	28	oʔõ	LL	90	oʔõ	LL	39	NA	NA	NA	NA
246	FLOWER	flor	iᴴtaᴸ	C1	NA	NA	NA	HL	42	ita	HL	18	ita	HL	8	NA
258	FOOT	pie	tʃeᴸʔeᴸ	B2	xeʔe	119	xeʔe	LL	84	NA	NA	NA	NA	NA	NA	a few exceptions in the tones, but could be because of glottal stop
260	FOUR	cuatro	koᴸwĩʔ	B2 (NUM)	kɨwɨ̃ʔ	4	NA	LLʔ	62	NA	NA	NA	kowĩʔ	LLʔ	53	NA
263	FROG	rana	saᴴʔwaᴸ	C3	laʔwa	148	laʔwa	HL	36	NA	NA	NA	NA	NA	NA	NA
272	FURROW	surco	juᴴkũᴸ	C3	jukũ	180	NA	NA	NA	NA	NA	NA	NA	NA	NA	NA
273	FURROW	surco	tiᴸtiᴴ	D1	NA	NA	NA	NA	NA	NA	NA	NA	NA	NA	NA	NA
279	GARBAGE	basura	wiᴴʔĩʔᴴ	A6	wiʔiʔ	116	NA	NA	NA	NA	NA	NA	NA	NA	NA	NA
282	GARBAGE	basura	tʃeᴸʔjeᴸ	B1	NA	NA	NA	NA	NA	NA	NA	NA	NA	NA	NA	NA
286	GOOD	bueno/a	waᴸʔaᴴ	D1	waʔa	112	waʔa	LH	60	NA	NA	NA	NA	NA	NA	NA
291	GOURD BOWL	jícara	jeᴴtʃĩʔ	A2	jexĩʔ	43	NA	NA	NA	jetʃĩʔ	HHʔ	5	jetʃĩʔ	HHʔ	16	NA
294	GRASS	zacate, pasto	iᴴteᴸ	C1	NA	NA	NA	NA	NA	ite	HL	19	NA	NA	NA	NA
305	GREEN	verde	kʷiᴸiᴸʔ	B6	NA	NA	NA	M	100	ʔ-kʷiiʔ	ʔ-LLʔ	68	ʔ-kʷiiʔ	ʔ-LLʔ	60	NA
308	GREEN BEAN	ejote	ⁿdiᴸtiᴴ	C5	ⁿditi	91	NA	NA	NA	NA	NA	NA	NA	NA	NA	NA
310	GRIDDLE	comal	tʃiᴸjoᴸʔ	B2	xijoʔ	19	xijoʔ	LLʔ	70	tʃijoʔ	LLʔ	34	NA	NA	NA	NA
311	HAIR	pelo, cabello	iᴴsiᴴʔ	A2	NA	NA	NA	NA	NA	isiʔ	HHʔ	2	isiʔ	HHʔ	6	NA
314	HALF	mitad	saᴴwaᴴ	A1	sawa	92	NA	NA	NA	NA	NA	NA	NA	NA	NA	NA
317	HALF	mitad	jaʔjũ	NA	NA	NA	NA	NA	NA	NA	NA	NA	NA	NA	NA	NA
320	HAND	mano	ⁿdaᴴʔaᴴʔ	A2	NA	NA	ⁿdaʔaʔ	HHʔ	5	NA	NA	NA	NA	NA	NA	NA
320	CLF.GRASS	clasificador pasto	ⁿdaᴴ	NA	NA	NA	NA	NA	NA	NA	NA	NA	NA	NA	NA	classifier that appears in ‘grass’; most probably high tone
326	HEAVY	pesado	weᴸjiᴴ	D1	weji	187	NA	NA	NA	wejɨ	LH	50	wejɨ	LH	137	the reflexes do not with a final ɨ
332	HERBACEOUS PLANT	hierba	juᴸkuᴸ	B1	juku	179	juku	LL	82	juku	LL	36	NA	NA	NA	NA
333	HERBACEOUS PLANT	quelite	juwa	C1	NA	NA	NA	NA	NA	jowe	HL	24	jowa	HL	24	few forms in this set, all from languages that merge o with u in this context; no clear evidence fo positing o
334	HERBACEOUS PLANT	quelite	kuʔwi	NA	NA	NA	NA	NA	NA	NA	NA	NA	NA	NA	NA	NA
341	HOLE	agujero, hoyo	jaᴴwiᴸ	C3	jawi	135	jawi	HL	41	NA	NA	NA	NA	NA	NA	there are quite a few exceptions
344	HONEY	miel	ᴸ+ⁿduᴴsiᴸ	C5	ⁿdusi	96	NA	NA	NA	NA	NA	NA	NA	NA	NA	don’t know tone group, could one of the D and E sets
350	HORN (ANATOMY)	cuerno	ⁿdɨᴴkɨᴴʔ	A2	ⁿdɨkɨʔ	68	NA	NA	NA	NA	NA	NA	nɨkɨʔ	HHʔ	74	few instances of nasal vowel?
357	HOT	caliente	iᴴʔniᴴʔ	A8	iʔniʔ	84	NA	NA	NA	NA	NA	NA	iʔnĩʔ	HHʔ	5	NA
363	HOUSE	casa	weᴴʔjiᴴ	A1	weʔji	164	NA	HH	28	NA	HH	NA	weʔje	HH	138	while a final e remains a possibility, the reflexes fit much better with forms with *eji than *eje
367	INTESTINES	tripas	tʃɨᴴtɨᴸ	C1	xɨtɨ	122	NA	NA	NA	NA	NA	NA	NA	NA	NA	NA
368	METAL	fierro, metal	kaᴸaᴴ	C5	NA	NA	kaa	LH	50	B-kaa	L-HL	72	NA	NA	NA	NA
369	IRON	fierro, metal	tOᴸniᴴ	C1	tuni	183	NA	NA	NA	NA	NA	NA	NA	NA	NA	first vowel is difficult to reconstruct based on our data
374	JEALOUS	celoso	kʷiᴴjõᴸ	C4	NA	NA	NA	NA	NA	ʔ-kʷijõ	ʔ-HL	63	NA	NA	NA	NA
377	LAZY	flojo/a, perezoso/a	suᴴtʃẽᴴʔ	A5	suxẽʔ	17	NA	NA	NA	(ʔ1)-sutʃẽʔ	ʔ1-HH	56	NA	NA	NA	NA
379	LAZY	flojo/a, perezoso/a	kuᴴsiᴴ	A5	NA	NA	NA	NA	NA	NA	NA	NA	NA	NA	NA	little data, tight segmental set; could be another G set
387	POST	horcón	sɨʔɨ̃	B1	sɨʔɨ̃	126	NA	NA	NA	NA	NA	NA	NA	NA	NA	don’t know tone set
388	LIGHTNING	rayo	taᴴtʃaᴴ	A1	NA	NA	NA	NA	NA	tatʃa	HH	14	tatʃa	HH	99	NA
399	LIME (MATERIAL)	cal	kaᴴkaᴸ	C2	NA	NA	NA	HL	33	NA	NA	NA	kaka	HL	38	NA
402	WATER	agua	ⁿduᴴteᴴʔ	A2	ⁿduteʔ	22	NA	HHʔ	NA	NA	NA	NA	NA	NA	NA	NA
405	LONG (PLURAL)	largo/a.PL	naᴸniᴸʔ	B5	NA	NA	NA	NA	NA	NA	NA	NA	NA	NA	NA	NA
406	LONG (SINGULAR)	largo/a.SG	kaᴸniᴸʔ	B5	NA	NA	kaniʔ	M	97	NA	NA	NA	NA	NA	NA	NA
407	LOOSE	flojo/a (de cosa)	taᴴjaᴴ	A1	taja	186	NA	NA	NA	NA	NA	NA	NA	NA	NA	NA
408	MAN	hombre	jɨɨ	NA	NA	NA	NA	NA	NA	NA	NA	NA	NA	NA	NA	NA
409	MAGUEY	maguey	jaᴴwiᴴʔ	A2	jawiʔ	2	NA	NA	NA	NA	NA	NA	jawiʔ	HHʔ	13	NA
411	MAMEY OR ZAPOTE	mamey	ⁿdikaᴴʔ	A2	ⁿdikaʔ	165	NA	NA	NA	NA	NA	NA	nikaʔ	HHʔ	70	same as banana?
414	MAN	hombre	teᴸjeᴴ	D1	teje	52	NA	LH	47	NA	NA	NA	teje	LH	103	NA
415	CLF.M	clasificador masculino	ra	NA	NA	NA	NA	NA	NA	NA	NA	NA	NA	NA	NA	NA
416	MAT	petate	juᴴwiᴴʔ	A2	juwiʔ	3	NA	HHʔ	9	juwiʔ	HHʔ	8	juwiʔ	HHʔ	33	NA
418	MEAT	carne	ᴸ+koᴴjõᴸ	C5	kojõ	30	kojõ	LH	51	(B)-kojõ	L2-HL	76	NA	NA	NA	NA
424	MEDICINE	medicina	taᴸtãᴸʔ	B2	NA	NA	tatãʔ	LLʔ	61	NA	NA	NA	NA	NA	NA	NA
428	MONEY	dinero	siᴸ+juᴴʔũᴴʔ	A6	NA	NA	si+juʔũʔ	M	106	NA	NA	NA	NA	NA	NA	NA
430	MOON	luna	joᴸoᴸʔ	B2	NA	NA	jooʔ	LLʔ	75	jooʔ	LLʔ	27	NA	NA	NA	NA
432	MOTHER VOCATIVE	mamá!	nana	NA	NA	NA	NA	NA	NA	NA	NA	NA	NA	NA	NA	the vocative def is part of another tone group, too little data to figure those out
433	MOTHER	madre	sɨʔɨ	NA	NA	NA	NA	NA	NA	NA	NA	NA	sɨʔɨ	HL	14	small set; could be related to/part of one of the E tone groups, but too little data
437	MOUNTAIN OR HILL	monte, cerro	juᴴkuᴴʔ	A2	jukuʔ	71	NA	HHʔ	8	NA	NA	NA	jukuʔ	HHʔ	29	NA
444	MUROID (MOUSE OR RAT)	ratón	tɨᴸ+jɨ̃ᴴ(ɨ̃ᴴ)ʔ	A6	tɨjɨ̃ʔ	142	tɨjɨ̃ʔ	M	92	NA	NA	NA	NA	NA	NA	NA
447	MOUTH	boca	juᴴʔuᴴʔ	A2	juʔuʔ	176	juʔuʔ	HHʔ	9	juʔuʔ	HHʔ	9	NA	NA	NA	NA
449	MUD	lodo	ⁿdeᴸʔjuᴸ	B1	ⁿdeʔju	24	NA	NA	NA	NA	NA	NA	neʔju	LL	68	it looks a bit like a mix of B1, B2, and A2 doesn’t really fit either
455	MUSHROOM	hongo	tʃiᴸʔiᴸʔ	B2	NA	NA	NA	NA	NA	NA	NA	NA	NA	NA	NA	glottal stop has to be there because of tone reflexes
457	MUSIC	canción, música	jaᴴaᴸ	C1	NA	NA	NA	NA	NA	jaa	HL	20	NA	NA	NA	NA
459	NEAR	cerca	jeᴴtĩᴴ	A1	NA	NA	NA	NA	NA	jetĩ	HH	13	jetĩ	HH	15	NA
465	NECK	cuello	suᴸkũᴸʔ	B2	sukũʔ	66	NA	NA	NA	NA	NA	NA	sukũʔ	LLʔ	97	some exceptions to tones
469	NET	red, rede	joᴴnoᴴʔ	A2	jonoʔ	42	NA	NA	NA	NA	NA	NA	NA	NA	NA	NA
470	SALTY	salado	ese	NA	NA	NA	NA	NA	NA	NA	NA	NA	NA	NA	NA	NA
476	NEW	nuevo/a	tʃeᴴeᴴʔ	A8	NA	NA	xee	M	107	NA	NA	NA	NA	NA	NA	NA
481	NIGHT TIME	de noche	nijũ	NA	nijũ	83	NA	NA	NA	NA	NA	NA	NA	NA	NA	NA
490	NINE	nueve	ɨᴸɨ̃ᴸ	B1	NA	NA	ɨɨ̃	LL	88	NA	NA	NA	NA	NA	NA	NA
492	NIXTAMAL	nixtamal	tʃaᴴʔaᴸ	C4	NA	NA	NA	NA	NA	ʔ-tʃaʔa	ʔ-HL	66	NA	NA	NA	NA
496	NOSE	naríz	siᴸtĩᴸʔ	B2	sitĩʔ	8	NA	NA	NA	NA	NA	NA	NA	NA	NA	NA
501	NOW OR TODAY	ahora, hoy	wiᴴtĩᴴ	A1	witĩ	134	NA	HH	27	witĩ	HH	17	witĩ	HH	144	NA
506	NOW OR TODAY	ahora, hoy	jatĩ	NA	NA	NA	NA	NA	NA	NA	NA	NA	NA	NA	NA	NA
507	ONE	uno	ɨᴴɨ̃ᴴ	A1	NA	NA	NA	HH	30	NA	NA	NA	ɨɨ̃	HH	10	NA
520	PAPER	papel	tuᴴtuᴸ	C2	NA	NA	NA	HL	31	tutu	HL	25	tutu	HL	116	NA
523	PATH	camino	iᴴtiᴴʔ	A2	NA	NA	NA	HHʔ	15	itiʔ	HHʔ	3	itiʔ	HHʔ	9	NA
526	PIG	cerdo, marrano	kɨᴴnɨᴸ	C3	NA	NA	NA	NA	NA	NA	NA	NA	NA	NA	NA	NA
529	PIMPLE	grano (de piel)	ⁿdɨᴸʔjɨᴴ	D1	ⁿdɨʔjɨ	144	NA	NA	NA	nɨʔjɨ	LH	47	NA	NA	NA	NA
535	PLAIN	llanura, llano	joᴴsoᴴʔ	A2	josoʔ	156	NA	NA	NA	NA	NA	NA	josoʔ	HHʔ	22	NA
537	PLAIN	llanura, llano	ⁿduᴴʔweᴸ	C1	NA	NA	NA	NA	NA	NA	NA	NA	NA	NA	NA	NA
538	PLAIN	llanura, llano	ⁿdaa	NA	NA	NA	NA	NA	NA	NA	NA	NA	NA	NA	NA	NA
545	PLATE	plato	koᴸʔoᴸ	B2	NA	NA	NA	NA	NA	NA	NA	NA	NA	NA	NA	NA
548	POOR	pobre	ⁿdaᴴʔwiᴸ	C4	ⁿdaʔwi	137	NA	M	104	ʔ-naʔwi	ʔ-HL	64	ʔ-naʔwi	ʔ-HL	67	NA
554	POSSUM	tlacuache	tʃaᴸkoᴴ	NA	NA	NA	NA	NA	NA	NA	NA	NA	tʃako	LH	117	don’t know tone group, could be a wanderwort
564	PRICKLY PEAR CACTUS	nopal	wiᴸʔⁿdeᴸʔ	B2	wiʔⁿdeʔ	118	NA	NA	NA	NA	NA	NA	NA	NA	NA	probably another tone set
568	PRIEST	sacerdote	suᴸtuᴸ	B1	sutu	182	NA	NA	NA	NA	NA	NA	NA	NA	NA	quite a few exceptions
570	SQUASH	calabaza	jɨᴴkɨ̃ᴴʔ	A2	jɨkɨ̃ʔ	44	NA	NA	NA	NA	NA	NA	jɨkɨ̃ʔ	HHʔ	20	NA
574	PUS	pus	ⁿdaᴴkʷaᴴ	A2	lakʷaʔ	76	NA	NA	NA	NA	NA	NA	l-nakʷaʔ	HHʔ	62	NA
582	RACCOON	mapache	waᴸʔãᴸ	B3	NA	NA	NA	NA	NA	NA	NA	NA	NA	NA	NA	NA
586	RAIN (PRECIPITATION)	lluvia	saᴸwiᴸʔ	B2	sawiʔ	1	NA	NA	NA	NA	NA	NA	sawiʔ	LLʔ	86	NA
591	RAW	crudo	jɨᴴʔɨᴴ	A5	NA	NA	NA	NA	NA	NA	NA	NA	NA	NA	NA	looks most similar to G2 and I sets but doesn’t really match either
595	RED	rojo	kʷeᴴʔeᴸ	C4	kʷeʔe	31	kʷeʔe	M	102	ʔ-kʷeʔe	ʔ-HL	61	NA	NA	NA	NA
599	RICH	rico	kʷiᴴkaᴴʔ	A5	NA	NA	NA	NA	NA	NA	NA	NA	NA	NA	NA	NA
604	RING	anillo	seʔjiʔ	B?	NA	NA	NA	NA	NA	NA	NA	NA	seʔjoʔ	HHʔ	89	we do’nt have data that would point to a back vowel in the final syllable; tones look like one of the B sets, not A
607	RIVER	río	juᴸteᴴ	D1	jute	23	jute	LH	58	jote	LH	44	jote	LH	23	only one language in our sample has an o and all other reflexes fit with initial *ju
615	ROOSTER	gallo	tiᴴleᴴ	A4	NA	NA	NA	NA	NA	NA	NA	NA	NA	NA	NA	uncertain, could be a loan
616	ROOSTER	gallo	liʔi	NA	NA	NA	NA	NA	NA	NA	NA	NA	NA	NA	NA	uncertain, could be a loan
619	ROPE/ROOT	mecate, raíz	joᴴʔoᴴʔ	A2	NA	NA	joʔoʔ	HHʔ	14	joʔoʔ	HHʔ	6	NA	NA	NA	root is the same but different tone set
624	SALT	sal	jɨᴸɨ̃ᴸʔ	B2	jɨɨ̃ʔ	41	NA	NA	NA	NA	NA	NA	NA	NA	NA	there are quite a few exceptions
628	SALTY	salado	oᴸʔweᴸ	B1	oʔwe	47	NA	NA	NA	NA	NA	NA	oʔwe	LL	82	NA
631	SANDAL	huarache	ⁿdiᴸtʃẽᴸʔ	B2	ⁿdixẽʔ	125	NA	LLʔ	66	nitʃẽʔ	LLʔ	30	nitʃẽʔ	LLʔ	72	NA
635	TAIL	cola	suᴸʔwẽᴸʔ	B2	luʔwẽʔ	6	NA	NA	NA	NA	NA	NA	NA	NA	NA	NA
638	SEVEN	siete	uᴸtʃeᴸ	B1	uxe	33	NA	NA	NA	NA	NA	NA	NA	NA	NA	NA
642	SHEEP	oveja	NA	A1	NA	NA	NA	NA	NA	NA	NA	NA	NA	NA	NA	probably a wanderwort, not reconstructable
651	SISTER (OF WOMAN)	hermana de mujer	kuᴸʔwiᴸ	B1	NA	NA	NA	LL	78	NA	NA	NA	kuʔwi	LL	55	could be another tone group
652	SIX	seis	iᴸjõᴸ	B1	ijõ	106	NA	NA	NA	ijõ	LL	35	ijõ	LL	3	could be another tone group, many exceptions
660	SMOOTH	liso/a	ⁿdɨʔwɨʔ	NA	lɨʔwɨʔ	152	NA	NA	NA	NA	NA	NA	NA	NA	NA	very uncertain, needs further research; does not fit well with B1
662	SLOW	despacio	kʷeᴴjiᴸ	C4	kʷeje	163	NA	NA	NA	ʔ-kʷeje	ʔ-HL	62	ʔ-kʷeje	ʔ-HL	57	the reflexes do not fit with *eje (see MAN)
668	SMALL (PLURAL)	pequeño.PL	waᴴliᴴʔ	A7	NA	NA	NA	NA	NA	NA	NA	NA	NA	NA	NA	NA
669	SMALL (PLURAL)	pequeño.PL	kʷeᴴtiᴸʔ	C6	NA	NA	kʷetiʔ	M	101	NA	NA	NA	NA	NA	NA	NA
673	SMALL (SINGULAR)	pequeño.SG	lulu?	NA	NA	NA	NA	NA	NA	NA	NA	NA	NA	NA	NA	difficult to reconstruct the second syllable, but seems to start with *lu; maybe these are all variations of luʔu
674	SMALL (SINGULAR)	pequeño.PL	luᴴʔuᴴ	A1	luʔu	153	luʔu	M	108	NA	NA	NA	NA	NA	NA	NA
676	SMALL (SINGULAR)	pequeño.SG	tɨʔɨ	NA	NA	NA	NA	NA	NA	NA	NA	NA	NA	NA	NA	difficult to reconstruct the second syllable
682	SMOKE (EXHAUST)	humo	joᴸʔwẽᴸ	B1	juʔwẽ	101	NA	NA	NA	joʔwẽ	LL	38	joʔwẽ	LL	26	not completely conclusive, but o does simplify changes better in a few varieties
686	SMOOTH	liso/a	kani	NA	NA	NA	NA	NA	NA	NA	NA	NA	NA	NA	NA	NA
689	SNAKE	culebra	koᴸoᴸʔ	B2	kooʔ	69	kooʔ	LLʔ	65	NA	NA	NA	NA	NA	NA	NA
690	SOAP	jabón	naᴸwãᴸʔ	B2	NA	NA	nawãʔ	LLʔ	71	NA	NA	NA	nawãʔ	LLʔ	65	NA
698	SQUIRREL	ardilla	kʷeᴴjũᴴʔ	A4?	kʷejũʔ	185	NA	NA	NA	(ni)+(ʔ2)-kʷejõʔ	ʔ2-HH	59	NA	NA	NA	the reflexes in our data can be better explained with ũ
710	STONE OR ROCK	piedra	juᴸuᴸʔ	B2	juuʔ	175	juuʔ	LLʔ	74	juuʔ	LLʔ	28	NA	NA	NA	NA
717	STOOL	silla	teᴴjuᴸ	C3	teju	168	NA	HL	32	NA	NA	NA	teju	HL	104	potentially other tone group or maybe wanderwort?
734	SUGAR CANE	caña	ⁿdoᴸoᴸʔ	B2	ⁿdooʔ	93	ⁿdooʔ	LLʔ	67	NA	NA	NA	NA	NA	NA	NA
735	SWEET	dulce	wiᴸsĩᴸ	B1	wisĩ	133	NA	LL	84	NA	NA	NA	wisĩ	LL	143	NA
738	SWEET POTATO	camote	jaᴴʔwĩᴸ	C1	NA	NA	NA	NA	NA	jaʔwĩ	HL	21	NA	NA	NA	not so many varieties; tone group could be wrong, there are quite a few exceptions
742	SWELLING	hinchazón	kʷijõ	A1	NA	NA	NA	NA	NA	NA	NA	NA	NA	NA	NA	NA
748	TAIL	cola	ⁿdoᴴʔoᴴ	A2	NA	NA	NA	NA	NA	NA	NA	NA	NA	NA	NA	NA
751	TASSEL	espiga	joᴴkoᴴʔ	A2	jokoʔ	98	NA	NA	NA	NA	NA	NA	NA	NA	NA	NA
755	TASTY	sabroso	aᴸsɨ̃ᴸʔ	B2	asɨ̃ʔ	130	NA	NA	NA	NA	NA	NA	asɨ̃ʔ	LLʔ	1	NA
761	TEN	diez	uᴸtʃiᴸ	B1	uxi	123	NA	NA	NA	NA	NA	NA	utʃi	LL	134	NA
764	THORN	espina	iᴴjõᴴʔ	A2	NA	NA	NA	NA	NA	ijõʔ	HHʔ	1	NA	NA	NA	NA
768	THREAD	hilo	joᴸʔweᴸ	B1	juʔwe	34	NA	LL	83	joʔwe	LL	37	joʔwe	LL	25	not completely conclusive, but o does simplify changes better in a few varieties; many exceptions, potentially another set
771	THREE	tres	oᴸniᴸ	B1	oni	26	NA	NA	NA	NA	NA	NA	onĩ	LL	81	NA
775	TOMATO	jitomate	tɨ+nanaʔ	NA	NA	NA	NA	NA	NA	NA	NA	NA	NA	NA	NA	NA
781	TONGUE	lengua (cuerpo)	jaᴸaᴸʔ	B6	NA	NA	jaaʔ	M	110	ʔ-jaaʔ	ʔ-LLʔ	67	NA	NA	NA	NA
785	TOOTH	diente	noᴸʔoᴴ	D1	noʔo	27	noʔo	LH	57	NA	NA	NA	NA	NA	NA	NA
789	TORTILLA	tortilla	siᴸtaᴸʔ	B2	sitaʔ	15	sitaʔ	LLʔ	68	NA	NA	NA	NA	NA	NA	NA
794	TOWN OR VILLAGE	pueblo	juᴴũᴸ	C2	juũ	100	juũ	HL	39	juũ	HL	23	NA	NA	NA	NA
799	TREE	árbol	juᴴtũᴴʔ	A2	jutũʔ	11	jutũʔ	HHʔ	7	jutũʔ	HHʔ	7	jutũʔ	HHʔ	32	NA
802	TROUSERS	pantalón	tʃeᴴtuᴸ	C1	xetu	181	NA	NA	NA	NA	NA	NA	tʃetuʔ	LLʔ	123	NA
809	TWENTY	veinte	oᴸkoᴸ	B1	NA	NA	NA	NA	NA	NA	NA	NA	NA	NA	NA	NA
811	TWO	dos	uᴸwiᴸ	B1	uwi	138	uwi	LL	89	uwi	LL	43	NA	NA	NA	NA
812	UGLY	feo	kiᴴniᴴ	A1	kini	70	NA	NA	NA	NA	NA	NA	NA	NA	NA	NA
815	UGLY	feo	ⁿdasɨ	NA	NA	NA	NA	NA	NA	NA	NA	NA	NA	NA	NA	NA
817	UGLY	feo	ⁿdeʔe	NA	NA	NA	NA	NA	NA	NA	NA	NA	NA	NA	NA	NA
818	UGLY	feo	kʷiʔja	NA	NA	NA	NA	NA	NA	NA	NA	NA	NA	NA	NA	NA
824	UNCLE	tío	siᴴtoᴸ	C2	NA	NA	NA	HL	34	NA	NA	NA	sito	HL	92	maybe an extra set because of kinship term?
826	URINE	orina	sese	NA	lele	150	NA	NA	NA	NA	NA	NA	NA	NA	NA	very small set, can’t say which tone group
840	WHEN	cuándo	aᴴwãᴴ	A1	awã	155	NA	NA	NA	awã	HH	11	awã	HH	2	NA
843	WHITE	blanco	jaᴴaᴴ	A1	NA	NA	NA	NA	NA	NA	NA	NA	NA	NA	NA	NA
844	WHITE	blanco	kʷitʃĩ	C4?	NA	NA	kʷixĩ	M	99	NA	NA	NA	NA	NA	NA	def one of the modified ones, but doesn’t fit with any other
845	WIDE	ancho	ⁿdɨᴸkaᴸ	B3	NA	NA	NA	NA	NA	(ʔ)-nika	ʔ-LL	71	NA	NA	NA	does not matcher other sets
846	WIDE	ancho	tʃiᴸteᴸ	B3	NA	NA	NA	NA	NA	NA	NA	NA	NA	NA	NA	NA
853	WING	ala	ⁿdiᴸtʃĩᴸ	B2	ⁿdixĩ	167	NA	NA	NA	NA	NA	NA	NA	NA	NA	NA
858	WOMAN	mujer	jaᴴʔãᴴʔ	A2	NA	NA	NA	HHʔ	13	NA	NA	NA	jaʔãʔ	HHʔ	14	NA
863	WORD	palabra	tuᴸʔũᴴ	D1	toʔõ	9	toʔõ	LH	48	toʔõ	LH	49	NA	NA	NA	the reflexes in our data can be better explained with u
870	WORKING OR WORK	trabajo	tiᴴjõᴴ	A1	tijõ	49	NA	HH	16	tijõ	HH	15	tijõ	HH	105	NA
872	YEAR	año	kʷiᴸjaᴸ	B1	kʷija	74	NA	LL	81	NA	NA	NA	kʷija	LL	61	NA
876	YELLOW	amarillo	kʷaᴴãᴸ	C4	kʷaã	78	NA	M	103	ʔ-kʷaã	ʔ-HL	60	ʔ-kʷaã	ʔ-HL	56	NA
878	YESTERDAY	ayer	niᴴ	NA	NA	NA	NA	NA	NA	iku(-nĩ)	(-H)	12	NA	NA	NA	second morpheme that fused with 879
879	YESTERDAY	ayer	iᴴkuᴴ	A1	iku	170	iku	HH	29	iku(-nĩ)	HH	12	NA	NA	NA	NA
222 400	LIQUID	líquido	te+kʷii	NA	NA	NA	NA	NA	NA	NA	NA	NA	NA	NA	NA	not sure about vowel in classifier
320 140	GRASS	zacate, pasto	ⁿda+joʔoʔ	NA	NA	NA	NA	NA	NA	NA	NA	NA	NA	NA	NA	NA
35 698	SQUIRREL	ardilla	ⁿdiᴴ+kʷeᴴjũᴴʔ	H+A4?	kʷejũʔ	185	NA	NA	NA	(ni)+(ʔ2)-kʷejõʔ	ʔ2-HH	59	NA	NA	NA	the reflexes in our data can be better explained with ũ
4 39	CHARCOAL	carbón	tɨᴸ+kaji	NA	NA	NA	NA	NA	NA	NA	NA	NA	NA	NA	NA	NA
475 480	NIGHT	noche	tʃV+kʷaa	NA	NA	NA	NA	NA	NA	NA	NA	NA	NA	NA	NA	NA
485 512	OWNER	dueño, señor	tʃi+toʔo	NA	xi+toʔo	63	NA	NA	NA	NA	NA	NA	tʃiʔ-toʔo	?-LL	132	NA
9 100	HEN	pollo, gallina	tɨᴸ+juũʔ	NA	NA	NA	tɨ+juũʔ	M	93	NA	NA	NA	NA	NA	NA	NA
9 174	DOG	perro	tɨᴸ+iᴴnaᴸ	NA	NA	NA	NA	NA	NA	NA	NA	NA	NA	NA	NA	NA
9 242	FISH	pescado	tɨᴸ+jakaʔ	NA	NA	NA	NA	NA	NA	NA	NA	NA	NA	NA	NA	NA
9 29	BEE	abeja	tɨᴸ+juᴸjũᴸʔ	NA	NA	NA	NA	NA	NA	NA	NA	NA	NA	NA	NA	NA
9 300	GRASSHOPPER	chapulín	tɨ+ika	C5	NA	NA	NA	NA	NA	tɨ-ika	L-HL	86	NA	NA	NA	NA
9 445	RAT	ratón	tɨᴸ+joto	NA	NA	NA	NA	NA	NA	NA	NA	NA	NA	NA	NA	NA
9 59	COCKROACH	cucaracha	tɨᴸ+teʔja	NA	NA	NA	NA	NA	NA	NA	NA	NA	NA	NA	NA	NA
9 635	SCORPION	alacrán	tɨᴸ+suᴸʔwẽᴸʔ	NA	NA	NA	NA	NA	NA	NA	NA	NA	NA	NA	NA	NA
9 655	SKUNK	zorrillo	tɨ+jɨʔɨ̃	NA	NA	NA	NA	NA	NA	NA	NA	NA	NA	NA	NA	NA
9 882	ANT	hormiga	tɨᴸ+joᴸkoᴸʔ	NA	NA	NA	NA	NA	NA	NA	NA	NA	tɨ-jokoʔ	L-LLʔ	108	NA
918 919	DEER	venado	sa+kʷaa	NA	NA	NA	NA	NA	NA	NA	NA	NA	NA	NA	NA	original meaning unknown
