DOCULECT	A01	A02	A03	A04	A05	A06	A07	A08	A09	A10	A11	A12	A13	D01	D02	D03	D04	D05	D06	D07	D08	D09	D10	D11	D12	D13	E01	E02	E03	E04	E05	E06	E07	E08	E09	E10	E11	E12	E13	E14	E15	E16	E17	E18	E19	E20	E21	E22	G01	G02	G03	V01	I01	I02	I03	I04	I05	I06	I07	I08	I09	I10	I11	I12	I13	I14	I15	I16	I17	I18	I19	I20	I21	I22	J01	J02	J03	J04	J05	J06	J07	J08	J09	J10	J11	J12	J13	K01	K02	K03	K04	K05	K06	K07	Q01	Q02	Q03	Q04	Q05	N01	N02	N03	O01	O02	O03	O04	O05	O06	O07	O08	O09	O10	O11	O12	O13	O14	O15	O16	O17	O18	O19	O20	O21	O22	O23	O24	O25	O26	O27	O28	O29	O30	S01	S02	S03	S04	S05	S06	S07	S08	S09	S10	S11	S12	T01	T02	T03	T04	T05	T06	T07	T08	T09	T10	T11	T12	T13	T14	T15	T16	T17	T18	T19	T20	T21	T22	T23	T24	U01	U02	U03	U04	U05	U06	U07	U08	U09	U10	U11	U12	U13	U14	U15	U16	U17	U18	U19	U20	U21	U22	U23	U24	U25	U26	U27	U28	U29	U30	U31	U32	U33	U34	U35	U36	U37	U38	W01	W02	W03	W04	W05	W06	W07	W08	W09	W10	W11	W12	W13	W14	W15	W16	W17	W18	X01	X02	X03	X04	X05	X06	X07	X08	X09	X10	X11	X12	X13	X14	X15	X16	X17	X18	X19	X20	Y01	Y02	Y03	Y04	Y05	Y06	Y07
AbasoloValleMixtec	no	NA	NA	NA	NA	NA	NA	no	no	no	yes	NA	NA	yes	no	no	no	no	no	no	no	yes	no	no	no	no	yes	yes	no	yes	yes	yes	yes	no	yes	no	yes	no	yes	yes	yes	yes	yes	yes	yes	yes	yes	yes	yes	no	no	yes	no	no	no	no	no	no	no	yes	yes	no	yes	NA	NA	no	no	no	NA	no	NA	yes	no	no	yes	no	yes	yes	yes	yes	no	no	yes	yes	no	no	yes	yes	no	no	no	no	no	no	no	NA	NA	no	no	no	no	no	yes	yes	no	yes	yes	NA	NA	yes	yes	yes	yes	no	no	no	yes	no	no	no	no	no	yes	no	no	no	yes	no	yes	no	yes	no	no	no	no	no	no	yes	yes	no	no	no	no	no	yes	yes	no	no	yes	NA	no	no	no	no	no	no	no	yes	yes	no	no	no	NA	no	no	no	no	no	no	no	no	no	no	no	no	no	no	no	no	no	yes	no	no	no	no	no	no	no	no	no	no	no	no	no	NA	NA	no	no	no	no	no	no	no	no	no	no	no	no	no	no	yes	no	no	no	no	yes	no	no	no	yes	yes	yes	yes	no	yes	no	no	no	no	no	no	no	no	no	no	no	no	no	no	no	no	no	no	no	yes	yes	yes	no	no	no	no
AlacatlatzalaMixtec	yes	NA	NA	no	no	NA	NA	no	no	no	no	NA	NA	no	no	no	no	no	no	no	no	no	no	no	no	no	yes	yes	no	yes	yes	yes	yes	no	yes	no	yes	no	yes	yes	yes	yes	yes	yes	yes	yes	yes	yes	yes	no	no	no	yes	yes	no	no	no	no	no	no	no	no	yes	no	yes	yes	yes	no	NA	no	NA	no	no	no	no	no	yes	yes	yes	yes	no	no	yes	yes	no	no	yes	no	no	no	no	no	no	no	no	NA	NA	no	no	no	no	no	no	yes	no	no	no	NA	no	no	yes	no	no	no	no	no	no	no	no	no	no	yes	no	yes	no	no	no	yes	no	no	no	no	no	no	no	no	no	no	no	no	no	no	no	no	yes	no	no	no	no	no	no	no	no	no	yes	no	no	no	no	no	no	no	no	no	no	no	no	no	yes	no	no	no	no	no	no	yes	yes	no	no	yes	no	yes	no	no	no	yes	yes	yes	yes	yes	no	yes	no	no	no	yes	no	yes	yes	no	NA	no	yes	no	no	no	no	no	no	NA	no	no	no	no	no	no	no	no	no	no	no	yes	no	no	no	no	no	yes	yes	yes	yes	NA	no	no	no	no	NA	no	no	no	no	NA	no	no	yes	yes	yes	no	no	no	no
AlcozaucaGuerreroMixtec	yes	no	no	yes	no	yes	no	no	NA	NA	NA	no	no	no	no	no	no	no	no	no	no	no	no	no	no	no	yes	yes	no	yes	yes	yes	no	no	yes	no	yes	no	yes	yes	yes	yes	yes	yes	yes	yes	yes	yes	yes	no	no	no	no	no	no	no	no	no	no	no	NA	no	yes	no	no	no	no	no	NA	no	no	no	NA	no	yes	no	yes	yes	yes	yes	no	no	yes	yes	no	no	yes	NA	no	NA	no	no	no	no	no	NA	no	no	no	no	no	no	yes	yes	no	yes	yes	NA	yes	yes	yes	yes	yes	no	no	no	yes	no	no	no	no	no	no	yes	no	no	no	yes	yes	no	no	no	no	no	no	no	no	yes	yes	no	no	no	yes	no	yes	yes	no	no	NA	no	no	no	no	no	NA	no	no	no	no	yes	no	yes	no	no	no	no	no	no	no	no	no	no	no	no	no	NA	no	yes	NA	NA	NA	no	no	no	no	no	NA	no	no	no	no	no	no	no	NA	NA	no	yes	yes	yes	NA	yes	yes	yes	no	no	no	no	no	NA	no	no	no	NA	no	no	no	no	no	NA	NA	yes	no	no	no	no	no	yes	yes	yes	yes	no	no	no	no	no	yes	no	no	no	no	no	no	no	yes	yes	yes	no	no	no	no
CahuatacheMixtec	yes	no	no	no	no	yes	no	no	NA	NA	NA	no	no	no	no	no	no	no	no	no	no	no	no	no	no	no	yes	yes	no	yes	yes	yes	yes	no	yes	no	yes	no	yes	yes	yes	yes	yes	yes	yes	yes	yes	yes	yes	no	no	no	yes	yes	no	no	no	no	no	no	NA	no	yes	no	no	yes	yes	no	NA	no	no	no	no	no	no	no	yes	yes	yes	yes	no	no	yes	yes	no	no	yes	NA	NA	NA	no	no	no	no	NA	NA	no	no	no	no	no	no	yes	yes	no	no	no	NA	no	no	no	no	no	no	no	no	no	no	no	no	no	yes	no	yes	no	no	no	yes	no	no	yes	no	no	no	no	no	no	no	no	no	no	no	no	no	yes	no	no	no	no	no	no	no	no	no	yes	no	no	no	no	no	no	no	no	no	no	yes	yes	no	yes	no	no	no	no	no	no	NA	no	yes	NA	NA	NA	yes	no	no	no	yes	yes	yes	yes	no	no	yes	no	no	NA	NA	no	yes	yes	no	NA	no	yes	NA	no	no	no	no	no	NA	no	no	no	NA	no	no	no	no	no	NA	NA	yes	no	no	no	no	no	yes	yes	yes	yes	yes	no	no	no	no	no	no	no	no	no	no	no	no	yes	yes	yes	no	no	no	no
ChalcatongoHidalgoMixtec	no	no	no	yes	no	yes	no	no	no	no	no	no	no	no	no	no	no	no	no	no	no	no	no	no	no	yes	yes	yes	no	no	no	yes	no	no	yes	no	yes	no	yes	yes	yes	yes	yes	yes	yes	yes	yes	yes	yes	no	no	no	no	no	yes	yes	no	no	yes	yes	yes	no	yes	no	no	no	no	no	no	yes	no	yes	yes	no	no	no	yes	yes	NA	yes	no	no	yes	yes	no	no	yes	yes	no	no	no	no	no	no	yes	no	NA	no	no	no	no	no	yes	yes	no	yes	yes	NA	yes	yes	yes	yes	yes	no	no	no	yes	no	no	no	no	no	yes	no	no	no	yes	no	yes	no	yes	no	no	no	no	no	no	yes	yes	no	no	yes	no	no	yes	no	no	no	yes	no	no	no	no	no	no	no	no	no	yes	no	no	no	no	no	no	no	no	yes	no	no	no	no	no	no	no	no	no	no	no	no	yes	no	no	no	no	no	no	no	no	no	no	no	no	no	NA	NA	no	no	no	no	no	no	no	no	no	no	yes	yes	no	no	yes	yes	yes	yes	yes	yes	no	yes	yes	yes	yes	yes	no	no	no	no	no	no	no	no	no	no	no	no	no	no	no	no	yes	yes	no	no	no	no	no	no	yes	no	yes	no	yes
CoicoyanlasFloresMixtec	yes	no	yes	yes	no	yes	no	no	NA	NA	NA	no	no	no	no	no	no	no	no	no	no	no	no	yes	no	no	yes	yes	no	yes	yes	yes	no	no	yes	no	yes	no	yes	yes	yes	yes	yes	yes	yes	yes	yes	yes	yes	no	no	no	no	no	no	no	no	no	no	no	NA	no	yes	no	no	no	no	no	NA	no	no	no	NA	no	yes	no	yes	yes	yes	yes	no	no	yes	yes	no	no	yes	NA	no	NA	no	no	no	no	no	NA	no	no	no	no	no	no	yes	yes	no	yes	yes	NA	yes	yes	yes	yes	yes	no	no	no	yes	no	no	no	no	no	yes	no	no	no	yes	no	yes	no	yes	no	no	no	no	no	no	yes	yes	no	no	no	no	no	yes	yes	no	no	NA	no	no	no	no	no	NA	no	no	no	no	no	no	no	no	yes	no	no	no	no	no	no	no	no	no	no	no	NA	no	no	NA	NA	NA	no	no	no	no	no	NA	no	no	no	no	no	no	no	NA	NA	no	no	no	no	NA	yes	yes	no	no	no	no	no	no	NA	no	no	no	no	no	no	no	no	no	NA	NA	yes	no	no	no	no	no	yes	yes	yes	NA	no	no	no	no	no	yes	no	no	no	no	no	no	no	yes	yes	yes	no	no	no	no
CosoltepecMixtec	no	no	no	yes	no	NA	NA	no	NA	NA	NA	no	no	yes	no	no	no	no	yes	no	no	no	no	yes	no	no	yes	yes	no	no	no	yes	no	no	yes	no	yes	no	yes	yes	yes	yes	no	yes	yes	yes	yes	yes	yes	no	no	no	no	no	no	no	no	no	no	no	NA	no	yes	no	no	no	no	no	NA	no	no	no	NA	no	yes	no	yes	yes	NA	yes	no	no	yes	yes	no	no	yes	NA	no	NA	no	no	no	no	no	NA	no	no	no	no	no	no	yes	yes	no	yes	yes	NA	yes	yes	yes	yes	yes	no	no	no	yes	no	no	no	no	no	yes	no	no	no	yes	no	yes	no	yes	no	yes	yes	no	no	no	no	no	no	no	no	no	no	yes	yes	no	no	no	no	no	no	no	no	no	no	yes	no	no	no	no	no	no	no	no	no	no	no	no	no	no	no	no	no	no	NA	no	no	NA	NA	NA	no	no	no	no	no	NA	no	no	no	no	no	no	no	NA	NA	no	no	no	no	no	no	no	no	no	no	no	no	no	NA	no	no	no	yes	yes	yes	no	NA	no	NA	NA	yes	no	no	no	no	no	yes	yes	no	NA	no	no	no	no	no	yes	yes	no	no	no	no	no	no	yes	yes	yes	no	no	no	no
CuatzoquitengoMixtec	yes	no	no	yes	no	NA	NA	no	NA	NA	NA	no	no	no	no	no	no	no	no	no	no	no	no	no	no	no	yes	yes	no	yes	yes	yes	no	no	yes	no	yes	no	yes	yes	yes	yes	yes	yes	yes	yes	yes	yes	yes	no	no	no	yes	yes	no	no	no	no	no	no	NA	no	yes	no	no	no	yes	no	NA	no	no	no	NA	no	yes	no	yes	yes	yes	yes	no	no	yes	yes	no	no	yes	NA	no	NA	NA	no	no	no	no	NA	no	no	no	no	no	no	yes	yes	no	no	no	NA	no	no	yes	no	no	no	no	no	no	no	no	no	no	yes	no	yes	no	no	no	yes	yes	no	yes	no	no	no	no	no	no	yes	yes	no	no	no	no	no	yes	no	no	no	no	no	no	no	no	no	no	no	no	NA	no	no	no	no	NA	no	no	no	no	no	yes	no	no	no	no	no	no	NA	no	yes	NA	NA	NA	no	no	no	no	yes	NA	yes	yes	no	no	yes	no	no	NA	NA	no	yes	yes	no	NA	yes	yes	no	no	no	no	no	no	NA	no	no	no	no	no	no	no	no	no	NA	NA	yes	no	no	no	no	no	yes	yes	yes	NA	yes	no	no	no	no	no	no	no	no	no	no	no	no	yes	yes	yes	no	no	no	no
CuyamecalcoVillaZaragozaMixtec	no	no	no	no	yes	yes	no	no	NA	NA	NA	no	no	no	no	no	no	no	no	no	no	no	no	no	no	no	yes	yes	yes	no	no	no	yes	no	no	yes	no	no	no	no	no	no	no	no	no	no	yes	no	yes	no	no	no	no	no	no	no	no	no	no	no	yes	no	no	NA	no	no	no	no	NA	yes	no	no	NA	no	no	no	yes	no	NA	yes	yes	yes	yes	yes	no	no	yes	NA	no	NA	no	yes	no	no	yes	NA	no	no	no	no	no	no	yes	yes	no	yes	yes	NA	yes	yes	yes	yes	yes	no	no	no	yes	no	no	no	no	no	yes	no	no	no	yes	no	NA	no	no	yes	yes	yes	no	no	no	no	no	yes	no	no	no	no	yes	yes	no	no	NA	no	no	no	no	no	NA	no	no	no	NA	no	no	no	no	NA	no	no	no	no	no	no	no	no	no	no	no	no	no	no	NA	NA	NA	no	no	no	no	no	NA	no	NA	no	no	no	no	no	NA	NA	no	no	no	no	NA	NA	no	NA	no	no	no	no	no	NA	no	no	no	no	no	no	no	no	no	NA	NA	yes	yes	no	no	no	no	yes	no	no	NA	yes	no	no	no	no	no	no	no	yes	no	no	no	yes	no	no	no	no	no	no	no
ElJicaralMixtec	yes	NA	NA	yes	no	yes	no	no	no	no	no	no	no	no	no	no	no	no	no	no	no	no	no	yes	no	no	yes	yes	no	yes	yes	yes	no	no	yes	no	yes	no	yes	yes	yes	yes	yes	yes	yes	yes	yes	yes	yes	no	no	no	no	no	no	no	no	no	no	no	no	no	yes	no	yes	no	no	no	NA	no	no	no	no	no	yes	no	yes	yes	yes	yes	no	no	yes	yes	no	no	yes	no	no	no	no	no	no	no	no	NA	no	no	no	no	NA	no	yes	yes	no	yes	yes	NA	yes	yes	yes	yes	yes	no	no	no	yes	no	no	no	no	no	yes	no	no	no	yes	no	yes	no	no	no	no	no	no	no	no	yes	yes	no	no	no	no	no	yes	yes	no	no	no	no	no	no	no	no	yes	no	no	no	no	no	no	no	yes	yes	no	no	no	no	no	no	no	no	no	no	no	no	yes	no	no	no	no	no	no	no	no	no	no	no	no	no	no	no	no	no	no	no	no	no	no	no	NA	yes	yes	no	no	no	no	no	NA	no	yes	no	no	no	no	no	no	no	no	no	no	yes	NA	no	no	no	no	yes	yes	yes	yes	NA	no	no	no	no	no	no	no	no	no	no	no	no	yes	yes	yes	no	no	no	no
GuadalupeVillahermosaMixtec	no	no	yes	yes	no	NA	NA	no	NA	NA	NA	yes	no	no	no	no	no	no	yes	no	no	no	yes	no	no	no	yes	yes	no	no	no	yes	no	no	yes	no	yes	NA	yes	yes	yes	yes	yes	yes	yes	yes	yes	yes	yes	no	no	yes	no	no	no	no	no	no	no	no	NA	no	yes	no	no	no	no	no	NA	no	NA	no	NA	no	no	no	yes	yes	yes	yes	no	no	yes	no	yes	yes	yes	NA	no	NA	no	no	no	no	no	NA	yes	no	no	no	no	no	yes	yes	no	yes	yes	NA	NA	yes	yes	yes	no	no	yes	no	no	yes	no	no	no	no	no	NA	NA	NA	no	yes	yes	no	no	no	yes	no	no	no	no	yes	yes	no	no	no	no	no	yes	no	yes	no	yes	yes	yes	no	no	no	no	no	no	yes	yes	no	no	no	no	no	no	no	no	no	no	yes	no	no	no	no	yes	NA	no	yes	NA	NA	NA	yes	no	yes	no	no	NA	no	no	no	no	no	no	no	NA	NA	no	yes	yes	no	NA	no	yes	no	no	no	no	no	no	NA	no	no	no	no	no	yes	no	no	no	NA	NA	yes	no	no	no	no	no	no	no	no	NA	no	no	no	yes	yes	yes	yes	no	no	no	no	no	no	yes	yes	yes	no	no	no	no
IxpantepecNievesMixtec	no	no	no	no	no	NA	NA	no	no	no	NA	no	no	no	no	no	no	no	no	yes	no	no	no	yes	no	no	yes	yes	no	yes	yes	yes	no	yes	yes	no	yes	no	yes	yes	yes	yes	yes	yes	yes	yes	yes	yes	yes	no	no	yes	NA	no	no	no	no	no	no	no	NA	no	yes	no	yes	yes	yes	no	yes	no	NA	no	NA	no	no	no	yes	yes	yes	yes	no	no	yes	yes	no	no	yes	no	no	yes	no	no	no	no	no	yes	no	no	no	no	no	no	yes	yes	no	yes	yes	NA	yes	yes	yes	yes	no	yes	no	no	no	yes	no	no	no	no	no	yes	no	no	no	yes	no	no	no	no	no	no	yes	no	yes	yes	yes	no	no	no	no	no	yes	yes	no	no	no	no	no	no	no	yes	yes	no	no	no	no	no	no	no	yes	yes	yes	no	no	no	no	no	no	yes	no	no	yes	NA	no	yes	no	no	yes	yes	no	no	no	yes	no	no	no	yes	no	no	no	no	NA	NA	no	yes	yes	no	yes	no	yes	no	no	no	no	no	no	NA	no	no	no	no	yes	yes	no	no	no	NA	yes	yes	no	no	no	no	no	no	no	no	NA	no	no	no	yes	yes	yes	yes	no	no	no	no	no	no	yes	yes	yes	no	no	no	no
LaBateaMixtec	no	NA	NA	yes	no	yes	no	no	NA	NA	yes	no	no	yes	no	no	no	no	no	no	no	yes	no	no	no	no	yes	yes	no	no	yes	yes	no	no	yes	no	yes	no	yes	yes	yes	yes	yes	yes	yes	yes	yes	yes	yes	no	no	yes	no	no	no	no	no	no	no	no	NA	no	yes	no	yes	no	no	no	NA	no	NA	yes	NA	no	yes	no	yes	yes	yes	yes	no	no	yes	yes	no	no	yes	NA	no	NA	NA	no	no	no	no	NA	no	no	no	no	no	no	yes	yes	no	yes	yes	NA	yes	yes	yes	yes	yes	no	no	no	yes	no	no	no	no	no	yes	no	no	no	yes	no	yes	no	yes	no	no	no	no	no	no	yes	yes	no	no	no	no	no	yes	yes	no	no	yes	no	no	no	no	no	no	no	no	yes	yes	no	no	no	no	no	no	no	no	no	no	no	no	no	no	no	no	no	no	no	NA	NA	NA	no	no	no	no	no	no	no	no	no	no	no	no	no	NA	NA	no	no	no	no	NA	no	no	no	no	no	no	no	no	no	yes	no	no	no	yes	no	no	no	no	NA	NA	yes	yes	no	yes	no	no	no	no	no	no	no	no	no	no	no	no	no	no	no	no	no	no	no	yes	yes	yes	no	no	no	no
MagdalenaPenascoMixtec	no	no	no	no	no	NA	NA	no	no	no	no	no	no	no	no	no	no	no	no	no	no	no	no	no	no	no	yes	yes	no	no	no	yes	yes	no	no	no	yes	no	yes	yes	no	yes	no	yes	yes	yes	yes	no	yes	no	no	no	no	no	no	no	no	no	yes	yes	yes	no	yes	no	yes	no	no	no	no	yes	no	no	no	no	no	no	yes	yes	yes	yes	no	yes	yes	yes	no	no	yes	no	no	no	no	no	no	no	yes	no	no	no	no	no	NA	no	yes	yes	no	yes	yes	NA	yes	yes	yes	yes	yes	no	no	no	yes	no	no	no	no	no	yes	no	no	no	yes	no	yes	no	yes	no	no	no	no	no	no	yes	yes	no	no	no	no	no	yes	no	no	no	no	no	no	no	no	no	yes	no	no	no	NA	no	no	no	no	NA	no	yes	yes	no	no	no	no	no	no	no	no	no	no	no	no	no	no	no	no	no	no	no	no	no	no	no	no	no	no	no	no	no	no	no	no	no	no	no	no	no	no	no	no	no	no	no	no	no	no	no	no	no	no	yes	yes	yes	yes	yes	no	no	no	no	yes	no	no	no	no	no	no	no	no	no	no	no	no	no	no	no	no	no	yes	yes	yes	no	no	no	no
MetlatonocMixtec	yes	NA	NA	yes	no	NA	NA	no	no	no	NA	NA	NA	no	no	no	no	no	no	no	no	no	no	yes	no	no	yes	yes	no	yes	yes	yes	no	no	yes	no	yes	no	NA	NA	yes	NA	yes	NA	yes	yes	yes	NA	yes	no	no	no	no	no	no	NA	NA	no	NA	no	no	no	yes	no	NA	NA	NA	NA	NA	NA	NA	no	no	no	yes	no	NA	NA	NA	yes	no	no	NA	yes	no	NA	yes	no	NA	no	NA	NA	no	no	NA	NA	NA	no	no	NA	no	NA	yes	yes	no	NA	NA	NA	NA	yes	NA	NA	NA	no	no	NA	NA	no	no	no	no	NA	NA	NA	NA	NA	yes	no	yes	no	yes	no	no	no	no	no	no	yes	yes	no	NA	no	no	no	yes	yes	no	no	no	no	no	no	no	no	yes	no	no	no	no	no	no	no	yes	yes	no	no	no	no	NA	NA	no	no	NA	no	no	no	no	no	no	no	no	NA	NA	no	no	no	NA	NA	no	NA	NA	NA	no	no	NA	NA	NA	NA	no	NA	NA	yes	no	no	no	no	no	NA	no	NA	no	no	no	NA	NA	NA	no	no	NA	no	no	yes	NA	no	no	no	no	NA	yes	yes	NA	NA	no	no	NA	no	NA	no	no	no	NA	NA	no	no	yes	yes	yes	no	no	no	no
PiedraAzulMixtec	no	NA	NA	yes	no	yes	no	no	no	no	no	no	no	yes	no	no	no	no	yes	no	no	no	no	no	yes	no	yes	yes	no	yes	yes	yes	no	no	yes	no	yes	no	yes	yes	yes	yes	yes	yes	yes	yes	yes	yes	yes	no	no	no	yes	no	no	no	no	no	no	no	yes	no	yes	no	no	no	no	no	NA	no	NA	no	no	no	yes	no	yes	no	yes	yes	no	no	yes	yes	no	no	yes	no	no	no	no	no	no	no	no	no	no	no	no	no	yes	no	no	yes	no	yes	yes	NA	yes	yes	no	no	no	no	no	no	no	no	no	no	no	no	no	yes	no	no	no	yes	no	no	no	no	no	no	no	no	no	yes	yes	no	no	no	no	no	yes	no	no	no	no	no	yes	no	yes	no	no	no	no	no	no	no	yes	no	no	no	no	no	no	no	no	yes	no	no	no	no	no	yes	yes	no	yes	no	no	no	yes	no	no	no	no	no	no	no	no	no	no	no	NA	NA	no	yes	yes	no	NA	yes	yes	yes	no	no	no	no	no	NA	no	no	no	no	no	no	no	no	no	yes	no	yes	no	no	no	no	no	yes	yes	yes	yes	yes	no	no	no	no	no	no	no	no	no	no	no	no	yes	yes	yes	no	no	no	no
PinotepaDonLuisMixtec	no	no	no	yes	no	NA	NA	no	NA	NA	NA	no	no	no	no	no	no	no	no	no	no	no	no	no	no	no	yes	yes	no	yes	yes	yes	no	no	NA	NA	yes	no	yes	yes	yes	yes	yes	yes	yes	yes	yes	yes	yes	no	no	no	no	no	no	no	no	no	no	no	yes	no	yes	yes	no	no	no	no	NA	yes	no	no	NA	no	no	no	yes	no	yes	yes	no	no	yes	yes	no	no	yes	NA	no	NA	no	no	no	no	yes	NA	no	no	no	no	no	no	yes	yes	no	yes	yes	NA	yes	yes	yes	yes	yes	no	no	no	yes	no	no	no	no	no	yes	no	no	no	yes	no	yes	no	yes	no	no	no	no	no	no	yes	yes	no	no	no	no	no	no	no	no	no	NA	no	no	NA	no	no	NA	no	no	no	no	no	no	no	no	no	no	no	no	no	no	no	no	no	no	no	no	NA	no	no	NA	NA	NA	no	no	no	no	no	NA	no	no	no	NA	no	no	no	NA	NA	no	no	no	no	no	no	no	no	no	no	no	no	no	NA	no	no	no	no	no	no	no	no	no	NA	NA	yes	no	no	no	no	no	no	no	no	NA	no	no	no	no	no	no	no	no	no	no	no	no	no	no	no	no	no	no	no	no
SanAgustinAtenangoMixtec	no	no	yes	no	no	NA	NA	yes	NA	NA	NA	no	no	no	no	no	no	no	no	no	no	no	no	no	no	no	yes	yes	no	no	no	yes	no	yes	yes	no	yes	no	yes	yes	yes	yes	yes	yes	yes	yes	yes	yes	yes	no	no	yes	no	no	no	no	no	no	no	no	NA	no	yes	no	NA	no	yes	no	NA	no	NA	no	NA	no	no	no	yes	yes	yes	yes	no	no	no	no	yes	NA	yes	NA	no	NA	no	no	no	no	no	NA	no	no	no	no	no	no	no	no	yes	yes	yes	NA	NA	no	no	no	no	yes	no	no	no	yes	no	no	no	no	no	no	no	yes	no	yes	no	no	no	no	no	no	no	no	no	yes	yes	no	no	no	no	no	yes	no	no	no	no	NA	no	no	no	no	no	no	no	no	no	no	no	no	no	yes	no	no	no	no	no	yes	no	no	no	no	yes	NA	NA	NA	NA	NA	NA	yes	no	yes	no	no	NA	yes	no	yes	no	no	no	no	NA	NA	no	yes	yes	no	NA	no	no	no	no	no	no	no	yes	NA	no	no	no	yes	yes	yes	no	no	no	NA	NA	yes	no	no	no	no	no	no	no	no	NA	no	no	no	yes	yes	yes	yes	no	no	no	no	no	no	yes	yes	yes	no	no	no	no
SanAgustinChayucoMixtec	no	no	no	yes	no	yes	no	no	no	no	yes	no	no	no	no	no	no	no	no	no	no	no	no	yes	no	no	yes	yes	no	no	yes	yes	no	no	NA	NA	yes	no	yes	yes	yes	yes	yes	yes	yes	yes	yes	yes	yes	no	no	yes	no	no	no	no	no	no	no	yes	yes	no	yes	no	yes	no	no	no	no	yes	NA	no	no	no	no	no	yes	no	yes	yes	no	no	yes	yes	no	no	yes	no	no	no	no	no	no	no	yes	no	no	no	no	yes	no	yes	no	no	no	no	no	NA	NA	yes	yes	yes	yes	no	no	no	yes	no	no	no	no	no	yes	no	no	no	yes	no	yes	no	yes	no	no	no	no	no	no	yes	yes	no	no	no	no	no	no	no	no	no	no	no	no	no	no	no	yes	no	no	no	no	no	no	no	yes	yes	no	no	no	no	no	no	no	no	no	no	no	no	no	no	no	no	no	no	no	no	no	no	no	no	no	no	no	no	no	no	NA	NA	no	no	no	no	no	no	no	no	no	no	no	no	no	NA	no	no	no	NA	no	no	no	NA	yes	yes	no	yes	yes	no	no	no	no	no	no	no	no	no	no	no	yes	yes	yes	yes	no	no	no	no	no	no	no	no	no	no	no	no	no
SanAgustinTlacotepecMixtec	no	no	no	no	no	NA	NA	no	NA	NA	NA	no	no	no	no	no	no	NA	NA	no	no	no	no	no	no	no	yes	yes	no	no	no	yes	yes	no	no	no	yes	no	yes	yes	no	NA	no	yes	yes	yes	yes	yes	yes	no	no	no	no	no	no	no	no	no	yes	yes	NA	no	yes	no	no	no	no	no	NA	yes	NA	yes	NA	yes	no	no	yes	yes	NA	yes	no	no	yes	yes	no	no	yes	NA	no	NA	no	no	no	no	yes	NA	no	no	no	no	no	no	yes	yes	no	yes	yes	NA	yes	yes	yes	yes	yes	no	no	no	yes	no	no	no	no	no	yes	no	no	no	yes	no	yes	no	yes	no	no	no	no	no	no	yes	yes	no	no	no	no	no	yes	no	no	no	NA	no	yes	no	no	no	NA	no	no	no	NA	no	no	no	no	NA	no	yes	yes	no	no	no	no	no	no	no	no	NA	no	no	NA	NA	NA	no	no	no	no	no	NA	no	no	no	no	no	no	no	NA	NA	yes	no	no	no	yes	no	no	no	no	no	no	no	NA	NA	yes	no	no	no	no	no	no	yes	yes	NA	NA	yes	no	no	no	no	no	no	no	no	no	NA	no	no	no	no	NA	no	yes	yes	no	NA	no	no	yes	yes	yes	no	no	no	no
SanAndresNuxinoMixtec	no	no	no	no	no	NA	NA	no	NA	NA	NA	no	no	yes	no	no	no	no	no	no	no	no	no	no	no	no	yes	yes	no	no	no	no	yes	no	no	no	no	no	NA	yes	yes	no	no	yes	yes	yes	yes	no	yes	no	no	no	no	no	no	no	no	no	yes	yes	NA	no	yes	no	no	no	no	no	NA	yes	NA	no	NA	NA	no	no	yes	yes	NA	yes	no	no	yes	yes	no	yes	no	NA	no	NA	no	no	no	yes	yes	NA	no	no	no	no	no	no	yes	yes	no	no	NA	NA	yes	yes	yes	yes	NA	NA	NA	NA	no	no	no	yes	no	NA	yes	no	no	no	yes	no	yes	no	yes	no	yes	yes	no	no	no	no	no	no	no	no	no	no	yes	no	no	no	yes	yes	no	no	no	no	NA	no	no	no	NA	no	no	no	no	NA	yes	no	no	yes	no	no	no	no	no	no	no	yes	no	no	NA	NA	NA	no	no	no	no	no	NA	no	yes	no	no	no	no	no	NA	NA	no	no	no	no	NA	no	no	no	no	no	no	no	no	NA	no	no	yes	NA	no	no	no	yes	yes	NA	NA	yes	no	no	no	no	no	yes	yes	yes	NA	yes	no	no	no	no	no	no	no	no	no	no	no	no	yes	yes	yes	no	no	no	no
SanAndresYutatioMixtec	no	NA	NA	yes	no	NA	NA	yes	yes	no	no	yes	no	no	no	no	no	no	no	no	no	no	no	no	no	no	yes	yes	no	no	no	yes	no	no	yes	no	yes	yes	yes	no	yes	yes	yes	yes	yes	yes	yes	yes	yes	no	no	yes	no	no	no	no	no	no	yes	yes	yes	no	yes	no	yes	no	no	no	yes	no	NA	no	no	no	no	no	yes	yes	yes	yes	no	no	no	no	yes	yes	yes	no	no	no	no	no	no	no	no	yes	yes	no	no	no	no	no	no	no	no	no	no	NA	NA	no	no	no	no	no	no	no	no	no	no	no	no	no	no	no	no	no	no	yes	no	no	no	no	yes	yes	no	no	no	no	no	no	no	no	no	no	yes	no	no	no	no	no	no	no	no	no	no	no	no	no	no	no	no	no	no	no	no	no	no	no	no	no	no	no	no	no	yes	no	yes	no	no	yes	no	yes	no	yes	no	yes	yes	yes	yes	yes	yes	yes	no	no	NA	NA	no	no	no	no	yes	no	yes	no	no	no	yes	yes	yes	yes	yes	yes	no	no	yes	yes	no	yes	yes	yes	yes	yes	no	no	no	no	no	yes	yes	no	no	yes	no	no	no	no	no	yes	no	no	no	no	no	no	yes	yes	yes	no	yes	yes	no
SanAntonioHuitepecMixtec	NA	no	no	no	no	NA	NA	no	NA	NA	NA	no	no	no	no	no	no	no	no	no	no	no	no	no	no	no	yes	yes	no	no	no	yes	yes	no	no	no	no	no	no	no	no	no	no	no	no	no	yes	no	yes	no	no	yes	no	no	no	no	no	no	yes	yes	NA	no	yes	yes	NA	no	NA	NA	NA	yes	no	no	NA	no	no	no	yes	yes	NA	yes	no	no	yes	yes	no	no	no	NA	no	NA	yes	yes	yes	no	yes	NA	no	yes	no	no	no	no	yes	yes	no	yes	yes	NA	yes	yes	yes	yes	yes	no	no	no	yes	no	no	no	no	no	yes	no	no	no	yes	no	yes	no	no	yes	yes	yes	no	no	no	no	no	no	no	no	no	no	yes	no	no	no	NA	no	no	NA	no	no	NA	no	no	no	NA	no	no	no	no	NA	no	no	no	yes	no	no	no	no	no	no	no	no	no	no	NA	NA	NA	no	no	no	no	no	NA	no	no	no	no	no	no	no	NA	NA	no	no	no	no	no	NA	no	no	no	no	no	no	no	NA	no	no	no	no	no	no	no	yes	yes	NA	NA	yes	no	no	no	no	no	yes	no	no	NA	NA	no	no	no	no	NA	no	yes	yes	yes	NA	no	no	no	no	no	no	no	no	NA
SanAntonioTepetlapaMixtec	no	no	no	yes	no	no	no	no	NA	NA	NA	no	no	no	no	no	no	no	no	no	no	no	no	no	no	no	yes	yes	no	yes	yes	yes	no	no	NA	NA	yes	no	yes	yes	yes	yes	yes	yes	yes	yes	yes	yes	yes	no	no	no	no	no	no	no	no	no	no	no	NA	no	yes	no	no	no	no	no	NA	yes	no	no	NA	no	yes	no	yes	yes	NA	yes	no	no	yes	yes	no	no	no	NA	no	NA	no	no	no	no	yes	NA	no	no	no	no	no	no	NA	NA	NA	yes	yes	NA	yes	yes	yes	yes	yes	no	no	no	yes	no	no	no	no	no	yes	no	no	no	yes	no	yes	no	yes	no	no	no	no	no	no	yes	yes	no	no	no	no	no	no	no	no	no	NA	no	no	NA	no	no	NA	no	no	no	no	no	no	no	no	no	no	no	yes	no	no	no	no	no	no	no	no	no	no	no	NA	NA	NA	no	no	no	no	no	NA	no	no	no	NA	no	no	no	NA	NA	no	no	no	no	no	no	no	no	no	no	no	no	no	NA	no	no	no	no	no	no	no	no	no	NA	NA	yes	no	no	no	no	no	no	no	no	NA	no	no	no	no	no	no	no	no	no	no	no	no	no	yes	yes	yes	no	no	no	no
SanBartoloSoyaltepecMixtec	no	no	no	no	no	NA	NA	no	NA	NA	NA	no	no	yes	no	no	no	no	no	no	no	no	yes	no	no	no	yes	yes	no	NA	yes	yes	yes	no	NA	NA	yes	no	yes	yes	yes	yes	yes	yes	yes	yes	yes	yes	yes	no	no	no	no	no	no	no	no	no	yes	yes	NA	no	yes	no	no	no	no	no	NA	yes	NA	no	NA	no	no	no	yes	yes	NA	yes	no	no	yes	yes	no	no	yes	NA	yes	NA	NA	no	no	no	yes	NA	NA	no	no	no	no	no	no	no	no	no	no	no	no	no	no	no	yes	no	no	no	NA	NA	NA	NA	no	no	yes	yes	no	no	no	no	no	no	no	no	yes	yes	no	no	no	no	no	no	no	no	no	no	yes	no	no	no	NA	no	no	NA	no	no	NA	no	no	no	no	no	yes	no	no	no	no	yes	yes	no	no	no	no	no	no	no	no	NA	no	no	NA	NA	NA	no	no	no	no	yes	NA	yes	yes	no	no	yes	no	no	NA	NA	yes	no	no	no	NA	NA	no	no	no	no	no	no	NA	NA	no	no	yes	no	no	no	no	yes	yes	NA	NA	yes	no	no	no	no	no	yes	yes	no	no	NA	no	no	no	no	NA	yes	no	no	no	NA	no	no	no	no	yes		no	no	no
SanBartolomeYucuaneMixtec	no	NA	NA	yes	no	no	no	no	NA	NA	NA	no	no	no	no	no	no	no	no	no	no	no	no	no	no	no	yes	yes	no	no	no	yes	no	no	no	no	yes	no	yes	yes	no	yes	no	yes	yes	yes	yes	no	yes	no	no	no	no	no	no	no	no	no	yes	yes	yes	no	yes	no	no	no	no	no	NA	yes	no	no	NA	no	no	no	yes	yes	NA	yes	no	no	yes	yes	no	no	no	NA	yes	NA	no	no	no	no	yes	NA	no	no	no	no	no	no	yes	yes	no	yes	yes	NA	yes	yes	yes	yes	yes	no	no	no	yes	no	no	no	no	no	yes	no	no	no	yes	no	yes	no	yes	no	no	no	no	no	no	yes	yes	no	no	no	no	no	yes	no	no	no	NA	no	no	NA	no	no	NA	no	no	no	NA	no	no	no	no	NA	no	yes	yes	no	no	no	no	no	no	no	no	no	no	no	NA	NA	NA	no	no	no	no	no	NA	no	no	no	no	no	no	no	NA	NA	no	no	no	no	no	no	no	no	no	no	no	no	no	NA	no	no	yes	no	no	no	no	yes	yes	NA	NA	yes	no	no	no	no	no	no	no	no	NA	no	no	no	no	no	no	no	yes	yes	no	no	no	no	yes	yes	yes	no	no	no	no
SanEstebanAtatlahucaMixtec	no	no	no	yes	no	yes	no	no	no	no	no	no	no	no	no	no	no	no	no	no	no	no	no	no	no	no	yes	yes	no	NA	no	no	no	no	no	no	no	no	yes	yes	yes	no	no	yes	no	no	yes	no	yes	no	no	no	no	no	yes	yes	no	no	yes	yes	yes	no	no	no	no	no	NA	NA	no	yes	NA	yes	no	yes	no	no	yes	yes	NA	yes	no	NA	yes	yes	no	no	yes	yes	no	no	no	no	no	no	yes	no	no	no	no	no	no	no	yes	yes	no	yes	yes	NA	yes	yes	yes	yes	yes	no	no	no	yes	no	no	no	no	no	yes	no	no	no	yes	no	yes	no	yes	no	no	no	no	no	no	yes	yes	no	no	no	no	no	yes	no	no	no	yes	no	no	no	no	no	no	no	no	no	NA	no	no	no	no	NA	no	no	no	yes	no	no	no	no	no	no	no	no	no	no	no	no	yes	no	no	no	no	no	no	no	no	no	no	no	no	no	NA	NA	no	no	no	no	no	no	no	no	no	no	yes	yes	no	no	no	no	yes	no	no	no	no	yes	yes	yes	yes	yes	no	yes	no	no	no	no	no	no	no	no	no	no	no	no	no	no	yes	yes	no	no	no	no	no	no	no	no	no	no	no
SanFranciscoSayultepecMixtec	no	no	no	yes	no	yes	no	no	NA	NA	NA	no	no	no	no	no	no	no	no	no	no	no	no	no	no	no	yes	yes	no	yes	yes	yes	no	no	NA	NA	yes	no	yes	yes	yes	yes	yes	yes	yes	yes	yes	yes	yes	no	no	no	no	no	no	no	no	no	no	no	yes	no	yes	no	no	no	NA	NA	NA	no	yes	no	NA	no	NA	no	yes	no	NA	yes	no	no	yes	yes	no	no	yes	NA	no	NA	no	no	no	no	no	NA	no	no	no	no	no	yes	yes	yes	no	yes	yes	NA	yes	yes	yes	yes	yes	no	no	no	yes	no	no	no	no	no	yes	no	no	no	yes	no	yes	no	yes	no	no	no	no	no	no	yes	yes	no	no	no	no	no	no	no	no	no	NA	no	no	NA	no	no	NA	no	no	no	no	no	no	no	yes	no	no	no	no	no	no	no	no	no	no	no	no	no	no	no	NA	NA	NA	no	no	no	no	no	NA	no	no	no	NA	no	no	no	NA	NA	no	no	no	no	no	no	no	no	no	no	no	no	NA	NA	no	no	no	no	no	no	no	no	no	NA	NA	yes	no	no	no	no	no	no	no	no	NA	no	no	no	no	no	no	no	no	no	no	no	no	no	yes	yes	yes	no	no	no	no
SanJeronimoProgresoMixtec	no	NA	NA	no	no	NA	NA	no	no	no	NA	yes	no	no	no	no	no	no	no	no	no	no	no	no	no	no	yes	yes	no	yes	yes	yes	no	yes	yes	no	yes	no	NA	yes	yes	yes	yes	yes	yes	yes	yes	NA	yes	no	no	yes	yes	no	no	no	no	no	no	no	no	no	yes	no	no	yes	no	no	NA	no	NA	no	no	no	no	no	yes	yes	yes	yes	no	no	yes	yes	no	NA	yes	no	no	yes	no	no	no	no	no	NA	yes	no	no	no	no	no	yes	yes	no	yes	NA	NA	yes	yes	yes	yes	NA	NA	NA	NA	no	no	no	no	no	NA	no	no	no	yes	no	yes	yes	no	no	no	no	no	yes	yes	yes	no	no	no	no	no	no	no	yes	no	no	no	no	no	no	no	no	no	no	no	no	no	no	no	no	no	no	no	no	no	no	no	no	yes	no	no	no	no	no	yes	NA	NA	no	no	yes	yes	no	no	no	no	no	no	no	yes	no	no	no	no	NA	NA	no	yes	yes	no	NA	no	yes	no	no	no	no	no	no	no	no	no	no	NA	no	no	no	no	no	no	no	yes	NA	no	no	no	no	yes	yes	no	NA	NA	no	no	no	no	NA	yes	no	no	no	NA	no	no	yes	yes	yes	no	no	no	no
SanJeronimoXayacatlanMixtec	NA	NA	NA	yes	no	NA	NA	no	no	no	NA	no	no	no	no	no	no	no	yes	no	no	no	no	no	no	no	yes	yes	no	no	no	yes	no	no	yes	no	yes	no	NA	yes	yes	NA	no	yes	yes	yes	yes	NA	yes	no	no	no	no	no	no	no	no	no	no	no	yes	no	yes	no	no	no	no	no	NA	NA	NA	no	no	no	yes	no	yes	yes	NA	yes	no	no	yes	yes	no	yes	yes	no	no	no	no	no	no	no	NA	NA	no	no	no	no	no	no	yes	yes	no	yes	NA	NA	yes	yes	yes	yes	NA	NA	NA	NA	NA	no	NA	NA	no	NA	yes	no	no	no	yes	no	yes	no	yes	no	yes	yes	no	no	no	no	no	no	no	no	no	no	yes	yes	no	no	no	no	no	no	no	no	no	no	yes	no	no	no	no	no	no	yes	no	no	yes	no	no	no	no	no	no	no	no	no	NA	NA	no	no	no	no	no	no	no	no	no	no	NA	no	NA	no	no	no	NA	NA	no	no	no	no	NA	no	no	no	no	no	no	no	NA	no	no	no	no	NA	yes	yes	no	yes	yes	yes	yes	yes	NA	no	no	no	no	yes	yes	no	NA	NA	no	no	no	no	NA	yes	no	no	no	NA	no	no	yes	yes	yes	no	no	no	NA
SanJorgeNuchitaMixtec	no	no	yes	no	no	yes	no	no	NA	NA	NA	yes	no	no	no	no	no	no	no	no	no	no	no	yes	no	no	yes	yes	no	no	no	yes	yes	no	yes	no	yes	no	yes	yes	yes	yes	yes	yes	yes	yes	yes	yes	yes	no	no	yes	no	no	no	no	no	no	no	no	NA	no	yes	no	no	yes	no	no	NA	no	NA	no	NA	no	no	no	yes	yes	yes	yes	no	no	yes	yes	no	yes	yes	NA	no	NA	no	no	no	no	NA	NA	yes	no	no	no	no	no	yes	yes	no	yes	yes	NA	yes	yes	yes	yes	no	no	yes	no	no	no	yes	no	no	no	no	no	yes	no	no	yes	no	no	no	no	no	no	yes	no	yes	yes	yes	no	no	no	no	no	yes	no	no	no	no	no	no	no	no	no	no	no	no	no	no	no	no	no	no	yes	no	no	no	no	no	yes	no	no	no	no	yes	NA	no	yes	NA	NA	NA	yes	no	no	no	no	NA	yes	yes	yes	no	no	no	no	NA	NA	no	yes	yes	no	NA	no	yes	no	no	no	no	no	NA	NA	no	no	no	no	no	no	no	no	no	NA	NA	yes	no	no	no	no	no	yes	yes	no	NA	yes	no	no	no	no	no	yes	no	no	no	no	no	no	yes	yes	yes	no	no	no	no
SanJuanCoatzospamMixtec	NA	no	no	no	yes	no	no	no	NA	NA	NA	no	no	no	no	no	no	no	no	no	no	no	no	no	no	no	no	no	yes	no	no	no	yes	no	NA	NA	no	no	no	no	no	no	no	no	no	no	yes	no	yes	no	yes	no	no	no	no	no	no	no	no	no	NA	no	no	no	no	no	no	no	no	yes	NA	no	no	no	no	yes	yes	no	NA	no	no	no	yes	yes	no	yes	yes	NA	no	NA	no	no	no	no	yes	no	no	no	no	no	no	no	yes	yes	no	yes	yes	yes	yes	yes	yes	yes	yes	no	no	no	NA	no	NA	NA	no	no	yes	no	no	no	yes	no	NA	NA	no	yes	yes	yes	no	no	no	no	no	yes	no	no	no	no	no	no	yes	no	no	no	no	yes	no	no	no	no	no	no	NA	no	no	no	no	NA	no	no	no	no	no	no	no	no	no	no	no	no	no	no	NA	NA	NA	no	no	no	no	no	no	no	no	no	no	no	no	no	no	no	no	no	no	no	no	NA	no	no	no	no	no	no	NA	no	no	no	no	no	no	no	no	no	no	NA	NA	yes	yes	no	no	no	no	yes	yes	yes	NA	no	no	no	no	no	no	no	no	no	yes	yes	no	no	no	no	no	no	no	no	NA
SanJuanColoradoMixtec	no	no	no	yes	no	NA	NA	no	no	no	yes	no	no	no	yes	yes	no	no	no	no	no	no	no	no	no	no	yes	yes	no	yes	yes	yes	no	no	NA	NA	yes	no	yes	yes	yes	yes	yes	yes	yes	yes	yes	yes	yes	no	no	no	no	no	no	no	no	no	no	no	no	no	yes	yes	no	no	no	no	no	yes	no	no	no	no	no	no	yes	no	yes	no	no	no	yes	yes	no	no	NA	no	no	no	no	no	no	no	yes	no	no	no	no	no	no	yes	yes	yes	no	yes	yes	NA	yes	yes	yes	yes	yes	no	no	no	yes	no	no	no	no	no	yes	no	no	no	yes	no	yes	no	yes	no	no	no	no	no	yes	yes	yes	no	no	no	yes	no	no	no	no	no	no	no	no	no	no	no	yes	no	no	no	no	no	no	no	yes	yes	no	no	no	no	no	no	no	no	no	no	no	no	no	no	no	no	no	no	no	no	no	no	no	no	no	no	NA	no	no	no	no	no	no	no	no	no	no	no	no	no	no	no	no	no	no	no	no	no	no	no	no	no	no	no	no	no	no	yes	no	no	yes	no	no	no	no	no	no	no	no	no	no	no	no	no	no	no	no	no	no	no	no	no	no	no	no	no	no
SanJuanDiuxiMixtec	no	NA	NA	no	no	NA	NA	no	NA	NA	NA	no	no	no	no	no	no	no	no	no	no	no	no	no	no	no	yes	yes	no	no	no	no	yes	no	NA	NA	no	no	NA	yes	no	yes	no	yes	yes	yes	yes	no	yes	no	no	no	no	no	yes	yes	no	no	yes	yes	yes	no	yes	no	no	no	no	no	no	NA	NA	no	no	no	no	no	yes	yes	yes	yes	no	no	yes	no	no	yes	NA	no	no	no	no	no	no	yes	NA	no	no	no	no	no	no	no	yes	yes	no	no	NA	yes	yes	yes	yes	yes	NA	NA	NA	NA	NA	no	NA	NA	no	NA	yes	no	no	no	yes	no	yes	no	no	no	yes	yes	no	no	no	no	no	no	no	no	no	no	yes	no	no	no	yes	no	no	no	no	no	no	no	no	no	NA	no	no	no	no	NA	no	yes	yes	no	no	no	no	no	no	no	no	no	no	no	no	no	no	no	no	no	no	no	no	no	no	no	NA	no	no	no	NA	NA	no	no	no	no	NA	no	no	no	no	no	yes	yes	NA	no	yes	yes	yes	yes	yes	yes	yes	yes	yes	yes	yes	yes	no	no	no	no	no	yes	yes	yes	NA	yes	no	no	no	no	no	no	no	no	no	no	no	no	no	no	no	no	yes	no	no
SanJuanMixtepecMixtec	no	NA	NA	yes	no	yes	no	no	NA	NA	NA	no	no	no	no	no	no	no	no	no	no	no	no	yes	no	no	yes	yes	no	yes	yes	yes	no	no	yes	no	yes	no	yes	yes	yes	yes	yes	yes	yes	yes	yes	yes	yes	no	no	yes	no	no	no	no	no	no	no	no	NA	no	yes	no	no	no	no	no	no	no	NA	yes	no	no	yes	no	yes	yes	NA	yes	no	no	yes	yes	no	NA	NA	NA	no	NA	no	no	no	no	no	no	no	no	no	no	no	no	yes	yes	no	yes	yes	NA	yes	yes	yes	yes	yes	no	no	no	yes	no	no	no	no	no	yes	no	no	no	yes	no	yes	no	yes	no	no	no	no	no	no	yes	yes	no	no	no	no	no	yes	yes	no	no	yes	no	no	no	no	no	no	no	no	yes	yes	no	no	no	no	no	no	no	no	no	no	no	no	no	no	no	no	NA	no	no	NA	NA	NA	no	no	no	no	no	no	no	no	no	no	no	no	no	NA	NA	no	no	no	no	no	no	no	no	no	no	no	no	no	no	yes	no	no	no	no	no	no	no	no	NA	NA	yes	yes	no	yes	no	no	no	no	no	NA	no	no	no	no	no	no	no	no	no	no	no	no	no	yes	yes	yes	no	no	no	no
SanJuanNumiMixtec	no	no	no	yes	no	no	no	no	NA	NA	NA	no	no	no	no	no	no	no	no	no	no	no	no	no	no	no	yes	yes	no	no	no	yes	no	no	NA	NA	yes	no	yes	yes	no	yes	no	yes	yes	yes	yes	no	yes	no	no	no	no	no	yes	yes	no	no	yes	yes	NA	no	yes	no	yes	no	no	no	NA	no	NA	yes	NA	yes	no	no	yes	yes	NA	yes	no	no	yes	yes	no	no	NA	NA	no	NA	no	no	no	no	no	NA	no	no	no	no	no	no	yes	yes	no	yes	no	yes	yes	yes	yes	yes	yes	no	no	no	NA	no	NA	NA	no	no	yes	no	no	no	yes	no	yes	no	yes	no	no	no	no	no	no	yes	yes	no	no	no	no	no	yes	no	no	no	NA	no	no	NA	no	no	NA	no	no	no	NA	no	no	no	no	NA	no	yes	yes	no	no	no	no	no	no	no	no	NA	no	no	NA	NA	NA	no	no	no	no	no	NA	no	yes	no	no	no	no	no	NA	NA	no	no	no	no	no	no	no	no	no	no	yes	yes	no	NA	yes	no	yes	no	yes	yes	yes	yes	yes	NA	NA	yes	no	no	no	no	no	no	no	no	NA	NA	no	no	no	no	NA	no	yes	yes	no	NA	no	no	yes	yes	yes	no	no	no	no
SanJuanTamazolaMixtec	NA	no	no	no	no	NA	NA	no	NA	NA	NA	no	no	no	no	no	no	no	no	no	no	no	no	no	no	no	yes	yes	no	NA	no	no	yes	no	no	no	no	no	yes	no	no	yes	no	yes	no	no	yes	no	yes	no	no	no	no	no	no	NA	NA	no	yes	yes	NA	no	yes	no	no	no	no	no	NA	yes	no	no	NA	no	no	no	yes	no	NA	yes	no	no	yes	NA	NA	yes	NA	NA	no	NA	yes	yes	yes	no	yes	NA	no	no	no	no	no	no	yes	yes	no	no	yes	NA	yes	yes	NA	NA	yes	no	no	no	yes	no	no	no	no	no	yes	no	no	no	yes	no	no	yes	no	yes	yes	yes	no	no	no	no	no	no	no	no	no	no	yes	no	no	no	no	yes	no	no	no	no	yes	no	no	no	NA	no	no	no	no	NA	no	no	no	yes	no	no	no	no	no	no	no	no	no	no	NA	NA	NA	no	no	no	no	no	NA	no	no	no	no	no	no	no	NA	NA	no	no	no	no	NA	NA	no	NA	no	no	no	NA	NA	NA	no	no	no	yes	no	no	no	yes	yes	NA	NA	yes	no	no	no	no	no	yes	yes	yes	NA	yes	no	no	no	no	no	no	no	no	yes	no	no	no	no	no	no	no	no	no	NA
SanJuanTeitaMixtec	no	no	no	yes	no	no	no	no	NA	NA	NA	no	no	no	no	no	no	no	no	no	no	no	no	no	no	no	yes	yes	no	NA	no	no	no	no	NA	NA	no	no	yes	yes	no	no	no	yes	yes	yes	yes	no	yes	no	no	no	no	no	no	no	no	no	yes	yes	yes	no	yes	no	no	no	no	no	NA	yes	NA	no	NA	no	no	no	yes	no	NA	yes	no	no	yes	yes	no	no	no	NA	no	NA	no	no	no	no	yes	NA	no	no	no	no	no	no	yes	yes	no	yes	yes	NA	yes	yes	yes	yes	yes	no	no	no	yes	no	no	no	no	no	yes	no	no	no	yes	no	yes	no	yes	no	yes	yes	no	no	no	no	no	no	no	no	no	no	yes	no	no	no	NA	no	no	NA	no	no	NA	no	no	no	NA	no	no	no	no	NA	no	no	no	yes	no	no	no	no	no	no	no	no	no	no	NA	NA	NA	no	no	no	no	no	NA	no	no	no	no	no	no	no	NA	NA	no	no	no	no	NA	no	no	no	no	no	no	no	no	NA	no	no	yes	no	no	no	no	yes	yes	NA	NA	yes	no	no	no	no	no	yes	no	no	NA	no	no	no	no	no	no	no	no	yes	yes	yes	no	yes	yes	yes	yes	no	no	no	no
SanLorenzoMixtec	no	no	no	yes	no	NA	NA	no	NA	NA	NA	no	no	no	no	no	no	no	no	no	no	no	no	yes	no	no	yes	yes	no	yes	yes	yes	no	no	NA	NA	yes	no	yes	yes	yes	yes	yes	yes	yes	yes	yes	yes	yes	no	no	yes	no	no	no	no	no	no	no	no	NA	no	yes	no	no	no	no	no	NA	yes	NA	no	NA	no	no	no	yes	no	NA	no	no	no	yes	yes	no	no	yes	NA	no	NA	no	no	no	no	yes	NA	no	no	no	yes	no	yes	no	no	no	yes	yes	NA	no	yes	yes	yes	yes	no	no	no	yes	no	no	no	no	no	yes	no	no	no	yes	no	yes	no	yes	no	no	no	no	no	no	yes	yes	no	no	no	no	no	no	no	no	no	NA	no	no	NA	no	no	NA	no	no	no	no	no	no	no	yes	yes	no	no	no	no	no	no	no	no	no	no	no	NA	no	no	NA	NA	NA	no	no	no	no	no	NA	no	no	no	no	no	no	no	NA	NA	no	no	no	no	no	no	no	no	no	no	no	no	no	NA	no	no	no	no	no	no	no	no	no	NA	NA	yes	no	no	no	no	no	no	no	no	NA	no	no	no	no	no	no	no	no	no	no	no	no	no	no	no	no	no	no	no	no
SanLuisMoreliaMixtec	no	no	no	yes	no	NA	NA	no	NA	NA	NA	no	no	no	no	no	no	no	no	no	no	no	no	no	no	no	yes	yes	no	NA	no	yes	no	no	yes	no	yes	no	NA	yes	yes	yes	yes	yes	yes	yes	yes	yes	yes	no	no	yes	no	no	no	no	no	no	no	yes	NA	no	yes	no	NA	yes	yes	no	NA	NA	NA	no	NA	no	no	no	yes	yes	yes	yes	no	no	yes	yes	no	NA	yes	NA	no	NA	no	no	no	no	NA	NA	no	no	no	no	NA	no	yes	yes	no	yes	NA	NA	NA	yes	yes	yes	NA	NA	NA	NA	no	no	no	no	no	NA	no	yes	no	no	no	yes	yes	no	no	no	no	no	no	no	no	no	no	no	no	no	no	no	yes	yes	no	no	NA	no	no	NA	no	no	NA	no	no	no	no	no	no	no	no	no	no	no	no	no	no	yes	no	no	no	yes	no	NA	no	yes	NA	NA	NA	yes	no	NA	NA	no	NA	yes	no	yes	no	no	no	no	NA	NA	no	yes	NA	no	NA	yes	yes	no	no	no	no	no	NA	NA	no	no	no	NA	no	no	no	no	no	NA	NA	yes	no	no	no	no	no	yes	yes	yes	NA	yes	no	no	no	no	no	no	no	no	no	no	no	no	yes	yes	yes	no	no	no	no
SanMarcoslaFlorMixtec	no	NA	NA	yes	no	yes	no	no	no	yes	no	no	no	yes	no	no	no	no	yes	no	no	no	no	no	yes	no	yes	yes	no	yes	yes	yes	no	no	yes	no	yes	no	yes	yes	yes	yes	yes	yes	yes	yes	yes	yes	yes	no	no	no	yes	no	no	no	no	no	no	no	no	no	yes	no	yes	no	no	no	NA	no	NA	no	no	no	yes	no	yes	yes	yes	yes	no	no	yes	yes	no	no	yes	no	no	no	no	no	no	no	no	NA	no	no	no	no	NA	no	no	no	no	yes	yes	NA	NA	yes	no	no	no	no	no	no	no	no	no	no	no	no	no	yes	no	no	no	yes	no	no	no	no	no	no	no	no	no	yes	yes	no	no	no	no	no	yes	no	no	no	no	no	yes	no	yes	no	no	no	no	no	no	no	yes	no	no	no	no	no	no	no	no	yes	no	no	no	no	no	yes	yes	no	yes	no	no	no	yes	no	no	no	no	no	yes	no	no	no	no	no	NA	NA	no	yes	yes	no	NA	yes	yes	yes	no	no	no	no	no	NA	yes	no	no	no	no	no	no	no	no	yes	no	yes	no	no	no	no	no	yes	yes	yes	yes	yes	no	no	no	no	no	no	no	no	no	no	no	no	yes	yes	yes	no	no	no	no
SanMartinDuraznosMixtec	no	no	no	yes	no	yes	no	no	no	no	NA	no	no	yes	no	no	no	no	no	no	yes	no	no	no	no	no	yes	yes	no	no	no	yes	no	no	yes	no	yes	no	yes	yes	yes	yes	yes	yes	yes	yes	yes	yes	yes	no	no	no	no	no	no	no	no	no	no	no	no	no	yes	no	NA	no	no	no	NA	no	no	no	no	no	no	no	yes	yes	yes	yes	no	no	yes	yes	no	yes	yes	no	no	no	no	no	no	no	no	NA	no	no	no	no	yes	no	yes	yes	no	yes	yes	NA	yes	yes	yes	yes	no	no	no	no	no	no	no	no	no	no	no	no	no	no	yes	no	yes	no	no	no	no	no	no	no	no	yes	yes	no	no	no	no	no	yes	no	no	no	no	no	no	no	no	no	no	yes	no	no	no	no	no	no	no	no	no	no	no	no	no	yes	no	no	yes	yes	yes	yes	no	no	yes	no	no	no	no	yes	yes	no	no	no	no	no	no	no	yes	yes	NA	NA	no	no	yes	yes	yes	yes	yes	yes	no	no	no	no	no	NA	yes	no	no	no	no	no	no	no	no	no	no	yes	no	no	no	yes	no	no	no	no	no	no	no	no	no	no	no	no	no	no	no	no	no	no	yes	yes	yes	no	no	no	no
SanMartinEstadoMixtec	no	no	no	no	no	no	yes	no	NA	NA	NA	no	no	no	no	no	no	no	no	no	no	no	no	no	no	no	yes	yes	no	yes	yes	yes	no	yes	yes	no	yes	no	yes	yes	yes	yes	yes	yes	yes	yes	yes	yes	yes	no	no	no	yes	no	no	no	no	no	no	no	NA	no	yes	no	yes	yes	yes	no	NA	no	NA	no	NA	no	no	no	yes	yes	yes	yes	no	no	yes	yes	no	no	yes	NA	no	NA	no	no	no	no	no	NA	no	no	no	no	no	NA	no	no	no	yes	yes	NA	no	yes	no	yes	no	no	no	no	no	no	no	no	no	no	no	no	yes	no	no	yes	no	no	no	no	yes	yes	no	no	no	no	no	no	no	no	no	no	yes	no	no	no	no	no	no	no	no	no	no	no	no	no	no	no	no	no	no	no	no	no	no	no	no	yes	no	no	no	no	no	NA	no	yes	NA	NA	NA	yes	no	no	no	no	NA	no	no	no	no	yes	NA	no	NA	NA	no	yes	yes	no	NA	no	yes	no	no	no	no	no	no	NA	no	no	no	no	no	no	no	no	no	NA	NA	yes	no	no	no	no	no	yes	yes	no	NA	yes	no	no	no	no	no	yes	no	no	no	no	no	no	yes	yes	yes	no	no	no	no
SanMartinPerasMixtec	no	no	no	no	no	yes	no	no	NA	NA	NA	no	no	yes	no	no	no	no	yes	no	no	no	no	no	yes	no	yes	yes	no	yes	yes	yes	no	no	yes	no	yes	no	yes	yes	yes	yes	yes	yes	yes	yes	yes	yes	yes	no	no	no	yes	no	no	no	no	no	no	NA	NA	no	yes	no	no	no	no	no	NA	no	NA	no	NA	no	yes	no	yes	yes	yes	yes	no	no	yes	yes	no	no	yes	NA	no	NA	no	no	no	no	no	NA	no	no	no	no	no	no	no	no	no	yes	yes	NA	yes	yes	yes	no	no	no	no	no	no	no	no	no	no	no	no	yes	no	no	no	yes	no	no	no	no	no	no	no	no	no	yes	yes	no	no	no	no	no	yes	no	no	no	NA	no	yes	NA	no	no	NA	no	no	no	no	no	yes	no	no	no	no	no	no	no	no	yes	no	no	no	no	no	NA	yes	no	NA	NA	NA	no	yes	no	no	no	NA	no	no	yes	no	no	no	no	NA	NA	no	yes	yes	no	NA	yes	yes	yes	no	no	no	no	no	NA	no	no	no	no	no	no	no	no	no	NA	NA	yes	no	no	no	no	no	yes	yes	yes	NA	yes	no	no	no	no	no	no	no	no	no	no	no	no	yes	yes	yes	no	no	no	no
SanMateoSindihuiMixtec	no	no	no	no	no	NA	NA	no	NA	NA	NA	NA	NA	yes	no	no	no	no	no	no	no	no	no	no	no	no	yes	yes	no	no	no	no	yes	no	no	no	no	no	NA	yes	no	no	no	yes	no	no	yes	no	yes	no	no	no	no	no	yes	no	no	no	no	yes	yes	no	yes	no	no	no	no	no	NA	yes	NA	no	NA	no	no	no	yes	yes	NA	yes	no	no	yes	no	yes	yes	NA	NA	no	NA	no	no	no	yes	yes	NA	NA	no	no	no	no	no	no	no	no	no	no	NA	no	yes	yes	yes	NA	NA	NA	NA	yes	no	no	no	no	NA	yes	no	no	no	yes	no	yes	no	yes	no	yes	yes	no	no	no	no	no	no	no	no	no	no	yes	no	no	no	NA	NA	no	NA	no	no	NA	no	no	no	NA	no	no	no	no	NA	no	no	no	yes	no	no	no	no	no	no	no	no	no	no	NA	NA	NA	no	no	no	no	no	NA	no	no	no	no	no	no	no	NA	NA	no	no	no	no	no	no	no	NA	no	no	yes	no	no	NA	no	no	no	NA	no	no	no	yes	yes	NA	NA	yes	no	yes	no	no	no	yes	NA	no	NA	no	no	no	no	NA	no	no	no	no	yes	yes	NA	yes	no	no	no	no	no	no	no
SanMiguelAchiutlaMixtec	no	no	no	yes	no	NA	NA	no	NA	NA	NA	no	no	no	no	no	no	no	no	no	no	no	no	no	no	no	yes	yes	no	NA	no	yes	no	no	NA	NA	yes	no	yes	yes	no	NA	no	yes	yes	yes	yes	no	yes	no	no	no	no	no	no	no	no	no	yes	yes	NA	no	yes	no	no	no	no	no	NA	yes	NA	no	NA	no	no	no	yes	yes	NA	yes	no	no	yes	yes	no	yes	yes	NA	yes	NA	NA	no	no	no	yes	NA	no	no	no	no	no	no	yes	yes	no	yes	yes	NA	yes	yes	yes	yes	yes	no	no	no	yes	no	no	no	no	no	yes	no	no	no	yes	no	yes	no	NA	no	no	no	no	no	no	yes	yes	no	no	no	no	no	yes	no	no	no	NA	no	no	NA	no	no	NA	no	no	no	NA	no	no	no	no	NA	no	yes	yes	no	no	no	no	no	no	no	no	NA	no	no	NA	NA	NA	no	no	no	no	no	NA	no	no	no	no	no	no	no	NA	NA	no	no	no	no	NA	no	no	no	no	no	no	no	NA	NA	no	no	yes	no	no	no	no	yes	yes	NA	NA	yes	no	no	no	no	no	no	no	no	no	no	no	no	no	no	no	no	yes	yes	no	no	no	no	yes	yes	yes	no	no	no	no
SanMiguelAhuehuetitlanMixtec	no	no	yes	yes	no	NA	NA	no	NA	NA	NA	no	no	no	no	no	no	no	no	no	no	no	no	no	no	no	yes	yes	no	no	no	yes	no	no	yes	no	yes	no	yes	yes	yes	yes	yes	yes	yes	yes	yes	yes	yes	no	no	yes	yes	no	no	no	no	no	no	no	NA	no	yes	no	no	yes	no	no	NA	no	NA	no	NA	no	no	no	yes	yes	yes	yes	no	no	yes	yes	no	NA	yes	NA	no	NA	no	no	no	no	no	NA	no	no	no	no	no	no	yes	yes	no	yes	yes	NA	yes	yes	yes	yes	no	no	no	no	no	no	no	no	no	no	no	yes	no	no	no	yes	yes	no	yes	no	yes	yes	no	no	no	no	no	no	no	no	no	no	yes	no	no	no	no	no	no	no	no	no	no	no	no	no	no	no	no	no	no	no	no	no	no	no	no	yes	no	no	no	no	no	NA	no	yes	NA	NA	NA	yes	no	no	no	no	NA	yes	no	yes	no	no	no	no	NA	NA	no	yes	yes	no	NA	no	yes	no	no	no	no	no	no	NA	no	no	no	no	no	no	no	no	no	NA	NA	yes	no	no	no	no	no	yes	yes	yes	NA	yes	no	no	no	no	no	no	no	no	no	no	no	no	yes	yes	yes	no	no	no	no
SanMiguelChicahuaMixtec	no	no	no	no	no	NA	NA	no	NA	NA	NA	no	no	yes	no	no	no	no	no	no	no	no	yes	no	no	no	yes	yes	no	yes	yes	yes	yes	no	no	no	yes	no	yes	yes	yes	yes	yes	yes	yes	yes	yes	yes	yes	no	no	yes	no	no	no	no	no	no	no	yes	yes	no	yes	no	no	no	no	no	NA	yes	NA	no	NA	NA	no	no	yes	yes	NA	yes	no	no	yes	yes	no	yes	no	NA	yes	NA	no	no	no	no	yes	NA	no	no	no	no	no	no	no	no	no	no	no	no	no	yes	yes	yes	yes	no	no	no	NA	NA	NA	NA	no	no	yes	no	no	no	yes	no	yes	no	yes	no	yes	yes	no	no	no	no	no	yes	NA	no	no	no	yes	yes	no	no	NA	no	no	NA	no	no	NA	no	no	no	no	no	yes	no	yes	no	no	no	no	no	no	no	no	no	no	no	no	no	no	no	NA	NA	NA	no	no	no	no	no	NA	no	yes	no	no	no	no	no	NA	NA	no	no	no	no	NA	no	no	no	no	no	no	no	NA	NA	no	no	no	no	no	no	no	yes	no	NA	NA	yes	yes	no	no	no	no	yes	yes	no	NA	NA	no	no	no	no	NA	yes	no	no	no	NA	no	no	NA	NA	NA	NA	no	no	no
SanMiguelElGrandeMixtec	no	no	no	yes	no	yes	no	no	no	no	NA	no	no	no	no	no	no	no	no	no	no	no	no	no	no	yes	yes	yes	no	no	no	yes	no	no	yes	no	yes	no	yes	yes	yes	yes	yes	yes	yes	yes	yes	yes	yes	no	no	no	no	no	yes	yes	no	no	yes	yes	yes	no	yes	no	no	no	no	no	no	yes	NA	yes	yes	NA	no	no	yes	yes	NA	yes	no	no	yes	yes	no	no	yes	yes	no	no	no	no	no	no	yes	no	no	no	no	no	no	no	yes	yes	no	yes	yes	yes	yes	yes	yes	yes	yes	no	no	no	yes	no	no	no	no	no	yes	no	no	no	yes	no	yes	no	yes	no	no	no	no	no	no	yes	yes	no	no	yes	no	no	yes	no	no	no	no	no	no	no	no	no	no	no	no	no	yes	no	no	no	no	no	no	no	no	yes	no	no	no	no	no	no	no	no	no	no	no	no	yes	no	no	no	no	no	no	no	no	no	no	no	no	no	NA	NA	no	no	no	no	no	no	no	no	no	no	yes	yes	no	no	no	no	yes	yes	yes	yes	no	yes	yes	yes	yes	yes	no	no	no	no	no	no	no	no	NA	no	no	no	no	no	no	no	yes	yes	no	no	no	no	no	no	no	no	no	no	yes
SanMiguelPiedrasMixtec	no	no	no	no	no	NA	NA	no	NA	NA	NA	no	no	yes	no	no	no	no	no	no	no	no	no	no	no	no	yes	yes	no	no	no	no	yes	no	no	no	no	no	yes	yes	no	no	no	no	no	no	yes	no	yes	no	no	no	no	no	no	no	no	no	yes	yes	yes	no	yes	no	no	no	no	no	NA	yes	NA	no	NA	no	no	no	yes	yes	NA	yes	no	no	yes	yes	no	no	no	NA	no	NA	yes	yes	yes	no	yes	NA	no	yes	no	no	no	no	no	no	no	no	yes	NA	no	yes	yes	yes	yes	no	no	no	yes	no	no	no	no	no	yes	no	no	no	yes	no	yes	no	no	yes	yes	yes	no	no	no	no	no	no	no	no	no	no	yes	no	no	no	NA	no	no	NA	no	no	NA	no	no	no	NA	no	no	no	no	NA	no	no	no	yes	no	no	no	no	no	no	no	no	no	no	NA	NA	NA	no	no	no	no	no	NA	no	no	no	no	no	no	no	NA	NA	no	no	no	no	no	no	no	NA	no	no	no	no	NA	NA	no	no	no	no	no	no	no	yes	yes	NA	NA	yes	no	yes	no	no	no	no	no	no	NA	no	yes	yes	no	no	no	no	no	no	yes	yes	yes	yes	no	no	no	no	no	no	no
SanPedroAtoyacMixtec	no	no	no	yes	no	NA	NA	no	NA	NA	NA	no	no	no	no	no	no	no	no	no	no	no	no	no	no	no	yes	yes	no	yes	yes	yes	no	no	NA	NA	yes	no	yes	yes	yes	yes	yes	yes	yes	yes	yes	yes	yes	no	no	no	no	no	no	no	no	no	no	NA	NA	no	yes	no	no	no	no	no	NA	yes	no	no	NA	no	yes	no	yes	no	NA	no	no	no	yes	yes	no	no	no	NA	no	NA	no	no	no	no	yes	NA	no	no	no	no	no	no	no	no	no	yes	yes	NA	yes	yes	yes	yes	yes	no	no	no	yes	no	no	no	no	no	yes	no	no	no	yes	no	yes	no	yes	no	no	no	no	no	no	yes	yes	no	no	no	no	no	no	no	no	no	yes	yes	no	NA	no	no	NA	no	no	no	no	no	no	no	no	no	no	no	no	no	no	no	no	no	no	no	no	NA	no	no	NA	NA	NA	no	no	no	no	no	NA	no	no	no	NA	no	NA	no	NA	NA	no	no	no	no	no	no	no	no	no	no	no	no	no	NA	no	no	no	no	no	no	no	no	no	NA	NA	yes	no	no	no	no	no	no	no	no	NA	no	no	no	no	no	no	no	no	no	no	no	no	no	yes	yes	yes	no	no	no	no
SanPedroJicayanMixtec	no	no	no	yes	no	no	no	no	NA	NA	NA	no	no	no	no	no	no	no	no	no	no	no	no	no	no	no	yes	yes	no	yes	yes	yes	no	no	NA	NA	yes	no	yes	yes	yes	yes	yes	yes	yes	yes	yes	yes	yes	no	no	no	no	no	no	no	no	no	no	no	NA	no	yes	no	no	no	no	no	NA	yes	no	no	NA	no	yes	no	yes	no	NA	no	no	no	yes	yes	no	no	no	NA	no	NA	no	no	no	no	yes	NA	no	no	no	no	no	no	yes	yes	no	yes	yes	NA	no	yes	yes	yes	yes	no	no	no	yes	NA	NA	NA	no	no	yes	no	no	no	yes	no	yes	no	yes	no	no	no	no	no	no	yes	yes	no	no	no	no	no	no	no	no	no	NA	no	no	NA	no	no	NA	no	no	no	no	no	no	no	no	no	no	no	no	no	no	no	no	no	no	no	no	NA	no	no	NA	NA	NA	no	no	no	no	no	NA	no	no	no	NA	no	NA	no	NA	NA	no	no	no	no	no	no	no	no	no	no	no	no	no	NA	no	no	no	no	no	no	no	no	no	NA	NA	yes	no	no	no	no	no	no	no	no	NA	no	no	no	no	no	no	no	no	no	no	no	no	no	yes	yes	yes	no	no	no	no
SanPedroJocotipacMixtec	no	no	no	no	no	NA	NA	no	NA	NA	NA	no	no	yes	no	no	no	no	no	no	no	no	yes	no	no	no	yes	yes	no	no	no	yes	yes	no	no	no	yes	no	yes	yes	yes	NA	yes	yes	yes	yes	yes	yes	yes	no	no	yes	no	no	no	no	no	no	no	yes	NA	no	yes	no	no	no	no	no	NA	yes	NA	no	NA	no	no	no	yes	no	NA	yes	no	no	yes	yes	no	no	yes	NA	yes	NA	no	no	no	no	yes	NA	no	no	no	no	no	no	no	no	no	no	yes	no	no	yes	yes	yes	yes	no	no	no	NA	no	no	no	no	no	yes	no	no	no	yes	no	yes	no	yes	no	yes	yes	no	no	no	no	no	yes	yes	no	no	no	yes	yes	no	no	NA	no	no	NA	no	no	NA	no	no	no	no	no	yes	no	no	no	no	no	no	no	no	no	no	no	no	no	no	no	no	no	NA	NA	NA	no	no	no	no	no	NA	no	yes	no	no	no	no	no	NA	NA	no	no	no	no	NA	no	no	no	no	no	no	no	NA	NA	yes	no	no	no	no	no	no	yes	no	NA	NA	yes	yes	no	no	no	no	yes	yes	no	NA	yes	no	no	no	no	no	yes	no	no	no	no	no	no	yes	yes	yes	no	no	no	no
SanPedroMolinosMixtec	no	NA	NA	yes	no	yes	no	no	no	no	NA	no	no	no	no	no	no	no	no	no	no	no	no	no	no	no	yes	yes	no	no	no	yes	no	no	no	no	yes	no	yes	yes	no	NA	no	yes	yes	yes	yes	no	yes	no	no	no	no	no	no	no	no	no	yes	yes	yes	no	yes	no	no	no	no	no	NA	yes	NA	yes	NA	yes	no	no	yes	yes	NA	yes	no	yes	yes	yes	no	no	no	yes	no	no	no	no	no	no	yes	NA	no	no	no	no	no	no	yes	yes	no	yes	yes	yes	yes	yes	yes	yes	yes	no	no	no	yes	no	no	no	no	no	yes	no	no	no	yes	no	yes	no	yes	no	no	no	no	no	no	no	yes	no	no	no	no	no	yes	no	no	no	yes	no	no	no	no	no	no	no	no	no	NA	no	no	no	no	NA	no	no	yes	no	no	no	no	no	no	no	no	no	no	no	no	no	yes	no	no	no	no	no	no	no	no	no	no	no	no	no	NA	NA	no	no	no	no	NA	no	no	no	no	no	no	no	NA	no	no	no	yes	no	no	no	no	yes	yes	yes	yes	yes	no	no	no	no	no	no	no	no	NA	no	no	no	no	no	no	no	yes	yes	no	no	no	no	yes	yes	yes	no	no	no	no
SanPedroTidaaMixtec	no	no	no	no	no	NA	NA	no	NA	NA	NA	no	no	yes	no	no	no	no	no	no	no	no	no	no	no	no	yes	yes	no	no	no	yes	yes	no	no	no	yes	no	yes	yes	no	yes	no	yes	yes	yes	yes	no	yes	no	no	no	no	no	no	no	no	no	yes	yes	NA	no	yes	no	no	no	no	no	NA	yes	NA	no	NA	no	no	no	yes	yes	NA	yes	no	no	yes	no	yes	no	NA	NA	no	NA	no	no	no	no	yes	NA	no	no	no	no	no	no	yes	yes	no	yes	yes	NA	yes	yes	yes	yes	yes	no	no	no	yes	no	no	no	no	no	yes	no	no	no	yes	no	yes	no	yes	no	yes	yes	no	no	no	no	no	no	no	no	no	no	yes	no	no	no	NA	no	no	NA	no	no	NA	no	no	NA	NA	no	no	no	no	NA	no	yes	yes	no	no	no	no	no	no	no	no	NA	no	no	NA	NA	NA	no	no	no	no	no	NA	no	no	no	no	no	no	no	NA	NA	no	no	no	no	no	no	no	no	no	no	no	no	NA	NA	no	no	yes	yes	yes	yes	no	yes	yes	NA	NA	no	no	no	no	no	no	yes	yes	no	NA	yes	no	no	no	no	no	yes	no	no	no	no	no	no	yes	yes	yes	no	no	no	no
SanPedroTututepecMixtec	no	no	no	yes	no	yes	no	no	NA	NA	NA	no	no	no	no	no	no	no	no	no	no	no	no	yes	no	no	yes	yes	no	yes	yes	yes	no	no	NA	NA	yes	no	yes	yes	yes	yes	yes	yes	yes	yes	yes	yes	yes	no	no	no	no	no	no	no	no	no	no	no	NA	no	yes	no	NA	no	no	no	NA	yes	no	no	NA	no	no	no	yes	yes	yes	yes	no	no	yes	yes	no	no	yes	NA	no	NA	no	no	no	no	yes	NA	no	no	no	yes	no	yes	no	no	no	no	no	NA	no	yes	yes	yes	yes	no	no	no	yes	no	no	no	no	no	yes	no	no	no	yes	no	yes	no	yes	no	no	no	no	no	no	yes	yes	no	no	no	no	no	no	no	no	no	NA	no	no	NA	no	no	NA	no	no	no	no	no	no	no	yes	yes	no	no	no	no	no	no	no	no	no	no	no	no	no	no	NA	NA	NA	no	no	no	no	no	NA	no	no	no	no	no	NA	no	NA	NA	no	no	no	no	no	no	no	no	no	no	no	no	no	NA	no	no	no	no	no	no	no	no	no	NA	NA	yes	yes	no	no	no	no	no	no	no	NA	no	no	no	no	no	no	no	no	no	no	no	no	no	no	no	no	no	no	no	no
SanPedroYosonamaMixtec	no	NA	NA	yes	no	NA	NA	no	no	no	NA	no	no	NA	NA	no	no	no	no	no	no	no	no	no	no	no	yes	yes	no	NA	no	yes	no	no	no	no	yes	no	NA	yes	yes	yes	no	yes	yes	yes	yes	NA	yes	no	no	no	no	no	yes	yes	no	no	yes	yes	yes	no	yes	no	NA	no	no	no	no	yes	NA	yes	yes	NA	no	no	yes	yes	NA	yes	no	no	yes	no	yes	NA	NA	yes	no	no	no	no	no	no	no	no	NA	NA	no	no	NA	no	yes	yes	no	yes	NA	NA	NA	yes	yes	yes	NA	NA	NA	NA	NA	NA	NA	NA	no	NA	yes	no	no	no	yes	no	NA	NA	yes	no	no	no	no	no	no	yes	yes	no	no	no	no	no	yes	no	no	no	yes	no	no	no	no	no	no	no	no	no	NA	no	no	no	no	NA	no	yes	yes	no	no	no	no	no	no	no	no	no	NA	NA	no	no	yes	no	no	no	no	no	no	no	NA	no	NA	no	NA	no	NA	NA	no	no	no	no	NA	no	no	NA	no	no	yes	yes	NA	yes	yes	NA	yes	NA	yes	yes	yes	yes	yes	yes	yes	yes	NA	no	no	no	no	no	no	NA	no	no	no	no	no	no	no	no	yes	yes	no	no	no	no	yes	yes	yes	no	yes	no	no
SanPedroySanPabloTeposcolula1600Mixtec	no	no	no	no	no	NA	NA	no	no	no	no	no	no	no	no	no	no	no	no	no	no	no	no	no	no	no	yes	yes	no	yes	yes	yes	yes	no	no	yes	yes	no	yes	yes	yes	yes	yes	yes	yes	yes	yes	yes	yes	no	no	no	no	no	no	no	no	no	no	no	no	no	no	no	yes	no	no	no	no	yes	no	no	no	no	no	no	yes	yes	yes	yes	no	no	yes	yes	no	no	yes	no	yes	no	no	no	no	no	yes	no	no	no	no	no	no	no	no	no	no	no	no	NA	no	yes	yes	yes	yes	no	no	no	yes	no	no	no	no	no	yes	no	no	no	yes	no	yes	no	yes	no	yes	yes	no	no	no	no	no	no	no	no	no	no	yes	no	no	no	no	no	no	no	no	no	no	no	no	no	no	no	no	no	no	no	no	yes	yes	no	no	no	no	no	no	no	no	no	no	no	no	no	no	no	no	no	no	no	no	no	no	no	no	no	no	no	NA	NA	no	no	no	no	NA	no	no	no	no	no	no	no	no	NA	no	no	no	no	no	no	no	no	no	no	no	yes	no	no	no	no	no	yes	yes	yes	yes	no	no	no	no	no	no	no	no	no	no	no	no	no	no	no	no	no	no	no	no
SanSebastianMonteMixtec	no	NA	NA	no	no	NA	NA	no	no	no	no	no	no	no	no	no	no	no	no	no	no	no	no	yes	no	no	yes	yes	no	yes	yes	yes	yes	no	yes	no	yes	no	yes	yes	yes	yes	yes	yes	yes	yes	yes	yes	yes	yes	no	yes	no	no	no	no	no	no	no	no	NA	no	yes	no	yes	no	no	no	NA	no	NA	no	no	no	no	no	yes	yes	yes	yes	no	no	yes	yes	no	no	yes	no	no	no	no	no	no	no	no	NA	no	no	no	no	NA	no	no	no	no	no	no	NA	NA	no	no	no	no	yes	no	no	NA	NA	NA	NA	no	no	no	yes	no	no	no	yes	no	no	no	no	no	no	yes	no	yes	yes	yes	no	no	no	no	no	yes	no	no	no	no	no	no	no	no	no	no	no	no	no	no	no	no	no	yes	yes	no	no	no	no	no	yes	no	no	no	no	yes	yes	no	yes	no	yes	no	yes	no	yes	no	yes	yes	yes	NA	yes	no	yes	no	no	NA	NA	no	yes	yes	no	yes	no	yes	no	no	no	no	no	no	no	no	no	no	no	no	no	no	no	no	NA	no	yes	yes	no	no	no	no	no	no	no	no	no	no	no	yes	yes	yes	yes	no	no	no	no	no	no	yes	yes	yes	no	no	no	no
SanSebastianTecomaxtlahuacaMixtec	no	no	no	yes	no	yes	no	no	NA	NA	NA	no	no	yes	no	no	no	yes	no	no	no	yes	no	no	no	no	yes	yes	no	no	yes	yes	no	no	yes	no	yes	no	yes	yes	yes	yes	yes	yes	yes	yes	yes	yes	yes	no	no	yes	no	no	no	no	no	no	no	no	NA	no	yes	no	no	no	no	no	NA	no	no	no	NA	no	no	no	yes	yes	NA	yes	no	no	yes	yes	no	yes	yes	NA	no	NA	no	no	no	no	no	NA	no	no	no	no	no	no	no	yes	no	yes	yes	NA	yes	yes	yes	yes	no	no	no	no	NA	NA	NA	NA	no	no	no	no	no	no	yes	no	yes	no	yes	no	no	no	no	no	no	yes	yes	no	no	no	no	no	yes	yes	no	no	NA	yes	no	no	no	yes	no	no	no	yes	yes	no	no	no	no	no	no	no	no	no	no	yes	no	no	yes	no	yes	NA	no	no	NA	NA	NA	no	no	NA	NA	no	NA	yes	yes	yes	no	no	yes	no	NA	NA	no	no	yes	no	yes	yes	yes	no	no	no	no	no	no	NA	no	no	no	NA	no	no	no	no	no	NA	NA	yes	no	no	no	no	no	yes	yes	yes	NA	NA	no	no	no	no	no	no	no	no	no	no	no	no	yes	yes	yes	no	no	no	no
SantaAnaCuauhtemocMixtec	no	no	no	no	yes	yes	no	no	NA	NA	NA	no	no	no	no	no	no	no	no	no	no	no	no	no	no	no	yes	yes	yes	no	no	no	yes	no	no	yes	no	no	no	NA	no	no	no	no	no	no	yes	no	yes	no	no	no	no	no	no	no	no	no	no	no	yes	no	no	no	no	no	no	no	NA	yes	no	no	NA	no	no	no	yes	no	NA	no	no	yes	yes	yes	no	no	NA	NA	no	NA	no	no	no	no	yes	NA	no	no	no	no	no	no	yes	yes	no	yes	yes	NA	yes	yes	yes	yes	yes	no	no	no	NA	NA	NA	NA	no	no	yes	no	no	no	yes	no	NA	NA	no	yes	yes	yes	no	no	no	no	no	yes	no	no	no	no	no	no	yes	no	NA	NA	no	NA	no	no	NA	no	no	no	NA	no	no	no	no	NA	no	no	no	no	no	no	no	no	no	no	no	no	no	no	NA	NA	NA	no	no	no	no	no	NA	no	NA	no	no	no	no	no	NA	NA	no	no	no	no	NA	NA	no	no	no	no	no	no	NA	NA	no	no	no	no	no	no	no	no	no	NA	NA	yes	yes	no	no	no	no	no	no	no	NA	no	yes	no	no	no	no	no	no	yes	no	no	no	yes	no	no	no	no	no	no	no
SantaCatarinaEstetlaMixtec	NA	NA	NA	no	no	NA	NA	no	NA	NA	NA	no	no	no	no	no	no	no	no	no	no	no	no	no	no	no	yes	yes	no	no	no	yes	yes	no	no	no	yes	no	yes	yes	no	yes	no	yes	yes	yes	yes	no	yes	no	no	no	no	no	yes	yes	no	no	yes	yes	yes	no	yes	yes	no	no	no	no	NA	yes	no	no	NA	no	no	no	yes	yes	NA	yes	no	no	yes	NA	NA	yes	NA	NA	no	NA	NA	no	no	no	yes	NA	no	no	no	no	no	no	yes	yes	no	yes	yes	NA	yes	yes	yes	yes	yes	no	no	no	yes	no	no	no	no	no	yes	no	no	no	yes	no	yes	no	yes	no	yes	yes	no	no	no	no	no	no	no	no	no	no	yes	no	no	no	yes	no	no	no	no	no	no	no	no	no	NA	no	no	no	no	NA	no	yes	yes	no	no	no	no	no	no	no	no	no	no	no	NA	NA	NA	no	no	no	no	no	NA	no	no	no	no	no	no	no	NA	NA	no	no	no	no	no	no	no	no	no	no	yes	yes	no	NA	no	no	no	yes	yes	yes	no	yes	yes	NA	NA	yes	no	no	no	no	no	yes	yes	NA	NA	yes	no	no	no	no	no	yes	no	no	no	no	no	no	no	no	no	no	no	no	NA
SantaCatarinaMechoacanMixtec	no	no	no	yes	no	yes	no	no	NA	NA	NA	no	no	no	no	no	no	no	no	no	no	no	no	yes	no	no	yes	yes	no	yes	yes	yes	no	no	NA	NA	yes	no	yes	yes	yes	yes	yes	yes	yes	yes	yes	yes	yes	no	no	no	no	no	no	no	no	no	no	no	yes	no	yes	no	NA	no	no	no	NA	yes	yes	no	NA	no	no	no	yes	no	yes	yes	no	no	yes	yes	no	no	yes	NA	no	NA	NA	no	no	no	yes	NA	no	no	no	yes	no	yes	no	no	no	no	no	NA	no	yes	yes	yes	yes	no	no	no	yes	no	no	no	no	no	yes	no	no	no	yes	no	yes	no	yes	no	no	no	no	no	no	yes	yes	no	no	no	no	no	no	no	no	no	NA	no	no	NA	no	no	NA	no	no	no	no	no	no	no	yes	yes	no	no	no	no	no	no	no	no	no	no	no	no	no	no	NA	NA	NA	no	no	no	no	no	NA	no	no	no	no	no	no	no	NA	NA	no	no	no	no	no	no	no	no	no	no	no	no	no	NA	no	no	no	no	no	no	no	no	no	NA	NA	yes	no	no	no	no	no	no	no	no	NA	no	no	no	no	no	no	no	no	no	no	no	no	no	no	no	no	no	no	no	no
SantaCatarinaTlaltempanMixtec	no	NA	NA	yes	no	NA	NA	no	NA	NA	NA	no	no	NA	no	no	no	yes	no	no	no	no	no	no	no	no	yes	yes	no	NA	yes	yes	no	no	no	no	yes	no	NA	yes	yes	NA	no	yes	yes	yes	yes	NA	yes	no	no	no	no	no	no	no	no	no	no	no	no	no	yes	no	NA	no	no	no	NA	no	NA	no	NA	no	yes	no	yes	yes	NA	yes	no	yes	yes	no	yes	yes	yes	NA	no	NA	no	no	no	no	no	NA	no	no	no	no	no	no	yes	yes	no	yes	yes	NA	yes	yes	yes	NA	NA	NA	NA	NA	NA	NA	NA	NA	no	NA	yes	no	no	no	yes	no	yes	no	yes	no	yes	yes	no	no	no	no	no	no	no	no	no	no	yes	no	no	no	NA	yes	yes	NA	no	no	NA	no	no	no	NA	no	no	no	no	NA	no	yes	yes	no	no	no	no	no	no	no	no	no	no	no	NA	NA	NA	NA	NA	no	no	no	NA	no	no	no	NA	no	NA	no	NA	NA	no	no	no	no	NA	no	no	no	no	no	no	no	NA	NA	no	no	no	no	no	no	no	no	no	NA	NA	yes	NA	no	no	no	no	yes	NA	NA	yes	NA	no	no	no	NA	NA	no	no	no	no	NA	NA	NA	yes	yes	yes	no	no	no	NA
SantaCruzBravoMixtec	no	no	no	yes	no	NA	NA	no	NA	NA	NA	no	no	no	no	no	no	no	no	no	no	no	no	no	no	no	yes	yes	no	yes	yes	yes	no	no	yes	no	yes	no	yes	yes	yes	yes	yes	yes	yes	yes	yes	yes	yes	no	no	no	yes	no	no	no	no	no	no	NA	NA	no	yes	no	yes	no	yes	no	NA	no	no	no	NA	no	yes	no	yes	yes	yes	NA	no	no	yes	yes	no	no	yes	NA	no	NA	no	no	no	no	no	NA	no	no	no	no	no	no	no	no	no	no	no	NA	no	yes	yes	yes	yes	no	no	no	yes	no	no	no	no	no	no	yes	no	no	no	yes	yes	no	yes	no	no	no	no	no	no	yes	yes	no	no	no	no	no	yes	no	no	no	NA	no	no	NA	no	no	NA	no	no	no	no	no	no	no	no	no	no	yes	yes	no	yes	no	no	no	no	no	no	NA	no	no	NA	NA	NA	yes	no	no	no	yes	NA	yes	yes	no	no	yes	no	no	NA	NA	no	yes	yes	no	NA	yes	yes	no	no	no	no	no	no	NA	no	no	no	no	no	no	no	no	no	NA	NA	yes	no	no	no	no	no	yes	yes	yes	NA	yes	no	no	no	no	no	no	no	no	no	no	no	no	yes	yes	yes	no	no	no	no
SantaCruzItundujiaMixtec	no	no	no	yes	no	no	no	no	NA	NA	NA	no	no	no	no	no	no	no	no	no	no	no	no	no	no	no	no	no	no	no	no	no	no	no	no	no	no	no	yes	yes	no	no	no	yes	no	no	yes	no	yes	no	no	no	no	no	no	no	no	yes	no	yes	NA	no	no	no	no	no	no	no	NA	yes	NA	no	NA	no	no	no	yes	no	NA	yes	no	no	yes	yes	no	no	yes	NA	no	NA	no	no	no	no	yes	NA	no	no	no	no	no	no	no	no	no	yes	yes	no	no	yes	yes	yes	yes	no	no	no	yes	no	no	no	no	no	yes	no	no	no	yes	no	yes	no	yes	no	no	no	no	no	no	yes	yes	no	no	no	no	yes	yes	no	no	no	NA	no	no	NA	no	no	NA	no	no	no	NA	no	no	no	no	NA	no	no	no	no	no	yes	yes	no	no	no	no	NA	no	no	NA	NA	NA	no	no	no	no	no	NA	no	no	no	no	no	no	no	NA	NA	no	no	no	no	no	no	no	no	no	no	no	no	no	NA	no	no	yes	no	no	no	no	yes	no	NA	NA	yes	yes	no	no	no	no	no	no	no	NA	no	no	no	no	no	no	no	yes	yes	yes	no	no	no	no	no	no	no	no	no	no
SantaLuciaMonteverdeMixtec	no	no	no	yes	no	no	no	no	NA	NA	NA	no	no	no	no	no	no	no	no	no	no	no	no	no	no	no	yes	yes	no	no	no	no	no	no	no	no	no	no	yes	yes	no	no	no	yes	no	NA	yes	no	yes	no	no	no	no	no	yes	yes	no	no	yes	yes	NA	no	no	no	no	no	no	no	NA	yes	NA	no	NA	no	no	no	yes	yes	NA	yes	no	no	yes	yes	no	no	yes	NA	no	NA	no	no	no	no	yes	NA	no	no	no	no	no	no	yes	yes	no	yes	yes	yes	yes	yes	yes	yes	yes	no	no	no	NA	NA	NA	NA	no	no	yes	no	no	no	yes	no	yes	no	yes	no	no	no	no	no	no	yes	yes	no	no	no	no	yes	yes	no	no	no	NA	no	no	NA	no	no	NA	no	no	no	NA	no	no	no	no	NA	no	yes	yes	no	no	no	no	no	no	no	no	NA	no	no	NA	NA	NA	no	no	no	no	no	NA	no	no	no	no	no	no	no	NA	NA	no	no	no	no	no	no	no	no	no	no	yes	yes	no	NA	no	no	yes	no	no	no	no	yes	yes	NA	NA	yes	no	no	no	no	no	no	no	no	NA	no	no	no	no	no	no	no	yes	yes	yes	no	no	no	no	no	no	no	no	no	no
SantaMariaAcatepecMixtec	no	no	no	yes	no	yes	no	no	NA	NA	NA	no	no	yes	no	no	no	no	no	no	no	yes	no	no	no	no	yes	yes	no	yes	yes	yes	no	no	NA	NA	yes	no	yes	yes	yes	yes	yes	yes	yes	yes	yes	yes	yes	no	no	no	no	no	no	no	no	no	no	no	NA	no	yes	no	NA	no	no	no	NA	yes	no	no	NA	no	no	no	yes	yes	yes	yes	no	no	yes	yes	no	no	yes	NA	no	NA	no	no	no	no	yes	NA	no	no	no	yes	no	yes	no	no	no	no	no	NA	no	yes	yes	yes	yes	no	no	no	yes	no	no	no	no	no	yes	no	no	no	yes	no	yes	no	yes	no	no	no	no	no	no	yes	yes	no	no	no	no	no	NA	no	no	no	NA	no	no	NA	no	no	NA	no	no	yes	yes	no	no	no	no	no	no	no	no	no	no	no	no	no	no	no	no	NA	no	no	NA	NA	NA	no	no	no	no	no	NA	no	no	no	NA	no	no	no	NA	NA	no	no	no	no	no	no	no	no	no	no	no	no	no	NA	no	no	no	no	no	no	no	no	no	NA	NA	yes	yes	no	no	no	no	no	no	no	NA	no	no	no	yes	yes	yes	yes	no	no	no	no	no	no	no	no	no	no	no	no	no
SantaMariaApazcoMixtec	no	no	no	no	no	NA	NA	no	NA	NA	NA	no	no	yes	no	no	no	no	no	no	no	no	yes	no	no	no	yes	yes	no	yes	yes	yes	yes	no	no	no	yes	no	yes	yes	yes	yes	yes	yes	yes	yes	yes	yes	yes	no	no	yes	no	no	no	no	no	no	no	no	NA	no	yes	no	no	no	no	no	NA	yes	NA	no	NA	NA	no	no	yes	yes	NA	yes	no	no	yes	yes	no	no	yes	NA	no	NA	NA	no	no	no	yes	NA	no	no	no	no	no	no	yes	yes	no	yes	yes	yes	no	yes	yes	yes	yes	no	no	no	NA	NA	NA	NA	no	no	yes	no	no	no	yes	no	yes	no	yes	no	yes	yes	no	no	no	no	no	yes	NA	no	no	no	yes	yes	no	no	NA	no	no	NA	no	no	NA	no	no	no	no	no	yes	no	no	no	no	no	no	no	no	no	no	no	no	no	no	NA	no	no	NA	NA	NA	no	no	no	no	no	NA	no	no	no	no	no	no	no	NA	NA	no	no	no	no	NA	no	no	no	no	no	no	no	NA	NA	no	no	no	no	no	no	no	no	no	NA	NA	yes	yes	no	no	no	no	yes	yes	no	NA	yes	no	no	no	no	no	no	no	no	no	no	no	no	yes	yes	yes	no	no	no	no
SantaMariaChigmecatitlanMixtec	no	no	no	yes	no	NA	NA	no	NA	NA	NA	no	no	yes	no	no	no	no	yes	no	no	no	no	no	no	no	yes	yes	no	no	no	yes	no	no	NA	NA	yes	no	yes	yes	yes	yes	yes	yes	yes	yes	yes	no	yes	no	no	no	no	no	no	no	no	no	no	no	yes	no	yes	no	NA	no	no	no	NA	no	NA	no	NA	no	yes	no	yes	yes	NA	yes	no	yes	yes	NA	NA	no	yes	NA	no	NA	no	no	no	no	no	NA	no	no	no	no	no	no	yes	yes	no	yes	yes	NA	yes	yes	yes	yes	yes	no	no	no	yes	no	no	no	no	no	yes	no	no	no	yes	no	yes	no	yes	no	yes	yes	no	no	no	no	no	no	no	no	no	no	yes	no	no	no	NA	no	yes	NA	no	no	NA	no	no	no	no	no	no	no	no	no	no	yes	yes	no	no	no	no	no	no	no	no	no	no	no	NA	NA	NA	no	no	no	no	no	NA	no	no	no	no	no	no	no	NA	NA	no	no	no	no	NA	no	no	no	no	no	no	no	NA	NA	no	no	no	yes	no	no	no	no	no	NA	NA	yes	no	no	no	no	no	yes	yes	yes	NA	yes	no	no	no	no	no	no	no	no	no	no	no	no	yes	yes	yes	no	no	no	no
SantaMariaHuazolotitlanMixtec	no	no	no	yes	no	yes	no	no	NA	NA	NA	no	no	no	no	no	no	no	no	no	no	no	no	yes	no	no	yes	yes	no	yes	yes	yes	no	no	NA	NA	yes	no	yes	yes	yes	yes	yes	yes	yes	yes	yes	yes	yes	no	no	no	no	no	no	no	no	no	no	no	yes	no	yes	no	NA	no	no	no	NA	yes	no	no	NA	no	no	no	yes	no	NA	no	no	no	yes	yes	no	no	yes	NA	no	NA	NA	no	no	no	yes	NA	yes	no	no	yes	no	yes	no	no	no	no	no	NA	no	yes	yes	yes	yes	no	no	no	yes	no	no	no	no	no	yes	no	no	no	yes	no	yes	no	yes	no	no	no	no	no	no	yes	yes	no	no	no	no	no	no	no	no	no	NA	no	no	NA	no	no	NA	no	no	no	yes	no	no	no	yes	no	no	no	no	no	no	no	no	no	no	no	no	no	no	no	NA	NA	NA	no	no	no	no	no	NA	no	yes	no	NA	no	NA	no	NA	NA	no	no	no	no	no	no	no	no	no	no	no	no	no	NA	no	no	no	no	no	no	no	no	no	NA	NA	yes	no	no	no	no	no	no	no	no	NA	no	no	no	no	no	no	no	no	no	no	no	no	no	no	no	no	no	no	no	no
SantaMariaJicaltepecMixtec	no	no	no	yes	no	yes	no	no	NA	NA	NA	no	no	no	no	no	no	no	no	no	no	no	no	no	no	no	yes	yes	no	yes	yes	yes	no	no	NA	NA	yes	no	yes	yes	yes	yes	yes	yes	yes	yes	yes	yes	yes	no	no	no	no	no	no	no	no	no	no	no	NA	no	yes	no	no	no	no	no	NA	yes	no	no	no	no	yes	no	yes	no	NA	no	no	no	yes	yes	no	no	no	NA	no	NA	no	no	no	no	yes	NA	no	no	no	no	no	no	yes	yes	no	yes	yes	NA	yes	yes	yes	yes	yes	no	no	no	yes	no	no	no	no	no	yes	no	no	no	yes	no	yes	no	yes	no	no	no	no	no	no	yes	yes	no	no	no	no	no	no	no	no	no	NA	no	no	NA	no	no	NA	no	no	no	no	no	no	no	no	no	no	no	no	no	no	no	no	no	no	no	no	NA	no	no	NA	NA	NA	no	no	no	no	no	no	no	no	no	NA	no	NA	no	NA	NA	no	no	no	no	no	no	no	no	no	no	no	no	no	no	no	no	no	no	no	no	no	no	no	NA	NA	yes	no	no	no	no	no	no	no	no	NA	no	no	no	no	no	no	no	no	no	no	no	no	no	yes	yes	yes	no	no	no	no
SantaMariaPenolesMixtec	no	no	no	yes	no	NA	NA	no	no	no	NA	no	no	yes	no	no	no	no	no	no	no	no	no	no	no	no	yes	yes	no	no	no	yes	no	no	no	no	yes	no	yes	yes	no	yes	no	yes	yes	yes	yes	no	yes	no	no	no	no	no	yes	yes	no	no	yes	yes	yes	no	yes	no	no	no	no	no	no	NA	no	no	no	no	no	no	yes	yes	NA	yes	no	no	yes	no	yes	yes	yes	no	no	no	no	no	no	no	NA	no	no	no	no	no	no	no	yes	yes	no	yes	yes	NA	yes	yes	yes	yes	yes	no	no	no	yes	no	no	no	no	no	yes	no	no	no	yes	no	yes	no	yes	no	yes	yes	no	no	no	no	no	no	no	no	no	no	yes	no	no	no	yes	no	no	no	no	no	no	no	no	no	NA	no	no	no	no	NA	no	yes	yes	no	no	no	no	no	no	no	no	no	no	no	no	no	no	no	no	no	no	no	no	no	no	no	no	no	no	no	NA	NA	no	no	no	no	NA	no	no	no	no	no	yes	yes	no	NA	NA	yes	no	yes	yes	yes	no	yes	yes	NA	yes	yes	no	no	no	no	no	yes	yes	no	NA	yes	no	no	no	no	no	yes	no	no	no	no	no	NA	no	no	no	no	yes	no	NA
SantaMariaYolotepecMixtec	no	NA	NA	yes	no	yes	no	no	NA	NA	NA	no	no	no	no	no	no	no	no	no	no	no	no	yes	no	no	yes	yes	no	no	no	yes	no	no	yes	no	yes	no	yes	yes	yes	NA	yes	yes	yes	yes	yes	yes	yes	no	no	no	no	no	no	no	no	no	yes	yes	NA	no	yes	yes	NA	no	no	no	NA	yes	NA	yes	NA	no	no	no	yes	yes	NA	yes	no	no	yes	yes	no	no	no	NA	no	NA	no	no	no	no	yes	NA	no	no	no	no	no	no	yes	yes	no	yes	yes	NA	yes	yes	yes	yes	yes	no	no	no	yes	no	no	no	no	no	yes	no	no	no	yes	no	NA	NA	yes	no	no	no	no	no	no	yes	yes	no	no	no	no	no	yes	no	no	no	NA	no	no	NA	no	no	NA	no	no	no	no	no	no	no	no	yes	no	yes	yes	no	no	no	no	no	no	no	no	NA	no	no	NA	NA	NA	no	no	no	no	no	NA	no	no	no	no	no	no	no	NA	NA	no	no	no	no	NA	no	no	no	no	no	no	no	no	NA	no	no	yes	no	no	no	no	yes	yes	NA	NA	yes	no	no	no	no	no	yes	yes	yes	yes	yes	no	no	no	no	no	no	no	no	no	no	no	no	no	no	no	no	no	no	yes
SantaMariaYucuhitiMixtec	no	NA	NA	yes	no	no	no	no	NA	NA	NA	no	no	no	yes	yes	yes	no	no	no	no	no	no	no	no	no	yes	no	no	no	no	no	yes	no	no	no	no	no	yes	yes	yes	NA	no	yes	no	yes	yes	no	yes	no	no	no	no	no	no	no	no	no	no	no	NA	no	no	no	NA	no	no	no	NA	yes	no	no	NA	no	no	no	yes	yes	NA	yes	no	yes	yes	yes	no	no	NA	NA	no	NA	no	no	no	no	yes	NA	no	no	no	no	no	no	yes	yes	no	yes	NA	NA	yes	yes	yes	yes	yes	no	no	no	yes	no	no	no	no	no	yes	no	no	no	yes	no	yes	no	yes	no	no	no	no	no	no	yes	yes	no	no	no	no	no	yes	no	no	no	NA	no	no	NA	no	no	NA	no	no	no	NA	no	no	no	no	NA	no	no	no	no	no	no	no	no	no	no	no	NA	no	no	NA	NA	NA	no	no	no	no	no	no	no	no	no	no	no	no	no	NA	NA	no	no	no	no	no	no	no	no	no	no	no	no	NA	NA	no	no	no	no	no	no	no	no	no	NA	NA	yes	yes	no	no	no	no	NA	no	no	NA	no	no	no	no	no	no	no	NA	yes	yes	yes	no	no	no	yes	no	no	no	no	NA
SantaMariaYucunicocoMixtec	no	no	no	yes	no	yes	no	no	NA	NA	NA	no	no	no	no	no	no	no	no	no	no	no	no	no	no	no	yes	yes	no	yes	yes	yes	no	no	yes	no	yes	no	yes	yes	yes	yes	no	yes	yes	yes	yes	yes	yes	no	no	no	no	no	no	no	no	no	no	no	NA	no	yes	no	NA	no	NA	NA	NA	no	yes	no	NA	no	yes	no	yes	no	NA	yes	no	no	yes	yes	no	no	yes	NA	no	NA	no	no	no	no	no	NA	no	no	no	no	no	no	yes	yes	no	yes	yes	NA	yes	yes	yes	yes	yes	no	no	no	yes	no	no	no	no	no	yes	no	no	no	yes	no	yes	no	yes	no	no	no	no	no	no	yes	yes	no	no	no	yes	no	yes	no	no	no	NA	no	no	NA	no	no	NA	no	no	no	no	no	no	no	no	no	no	no	no	no	no	no	no	no	no	no	no	NA	no	no	NA	NA	NA	no	no	no	no	NA	NA	no	no	no	no	no	no	no	NA	NA	no	no	no	no	NA	yes	yes	yes	no	no	no	no	NA	NA	yes	no	no	no	no	no	no	no	no	NA	NA	yes	yes	no	no	no	no	NA	no	no	NA	no	no	no	no	NA	NA	NA	no	no	no	no	no	no	yes	yes	yes	no	no	no	NA
SantaMariaZacatepecMixtec	no	no	no	yes	no	no	no	no	NA	NA	no	no	no	no	no	no	no	no	no	no	no	no	no	no	no	no	yes	yes	no	yes	yes	yes	no	no	NA	NA	yes	no	yes	yes	yes	yes	yes	yes	yes	yes	yes	yes	no	no	no	no	no	no	no	no	no	no	no	no	NA	no	yes	no	no	no	no	no	no	no	no	no	NA	no	yes	no	yes	no	NA	yes	no	no	yes	yes	no	no	yes	NA	no	NA	no	no	no	no	no	no	no	no	no	no	no	no	yes	yes	no	yes	yes	NA	NA	yes	yes	yes	yes	no	no	no	yes	no	no	no	no	no	yes	no	no	no	yes	no	yes	no	yes	no	no	no	no	no	no	yes	yes	no	no	no	no	no	no	no	no	no	NA	no	no	NA	no	no	NA	no	no	NA	no	no	no	no	NA	no	no	no	no	no	no	no	no	no	no	no	no	no	no	no	no	no	no	no	no	no	no	no	no	no	no	no	no	no	no	no	no	no	no	no	no	no	NA	no	no	no	no	no	no	no	no	no	no	no	no	NA	no	no	no	no	no	NA	NA	yes	no	no	no	no	no	no	no	no	no	no	no	no	no	no	no	no	no	no	no	no	no	no	yes	yes	yes	no	no	no	no
SantiagoApoalaMixtec	no	no	no	no	no	NA	NA	no	NA	NA	NA	no	no	yes	no	no	no	no	no	no	no	no	yes	no	no	no	yes	yes	no	yes	yes	yes	yes	no	no	no	yes	no	yes	yes	yes	yes	yes	yes	yes	yes	yes	yes	yes	no	no	yes	no	no	no	no	no	no	no	yes	yes	no	yes	no	no	no	no	no	NA	yes	NA	no	NA	NA	no	no	yes	no	NA	yes	no	no	yes	yes	no	no	yes	NA	yes	NA	no	no	no	no	yes	NA	no	no	no	no	no	no	no	no	no	no	yes	no	yes	yes	yes	yes	yes	no	no	no	NA	NA	NA	NA	no	no	yes	no	no	no	yes	no	yes	no	yes	no	yes	yes	no	no	no	no	no	yes	NA	no	no	no	yes	yes	no	no	NA	no	no	NA	no	no	NA	no	no	yes	no	no	yes	no	no	no	no	no	no	no	no	no	no	no	no	no	no	no	no	no	NA	NA	NA	no	no	no	no	no	NA	no	yes	no	no	no	no	no	NA	NA	no	no	no	no	NA	no	no	no	no	no	no	no	NA	NA	yes	no	no	no	yes	no	no	yes	no	NA	NA	yes	yes	no	no	no	no	yes	yes	no	NA	yes	no	no	no	no	no	yes	no	no	no	no	no	no	yes	yes	yes	no	no	no	no
SantiagoCacaloxtepecMixtec	no	yes	yes	yes	no	NA	NA	no	NA	NA	NA	no	no	no	no	no	no	no	no	no	no	no	no	no	no	no	yes	yes	no	no	no	yes	no	no	NA	NA	yes	no	yes	yes	yes	yes	no	yes	yes	yes	yes	no	yes	no	no	no	no	no	no	no	no	no	yes	yes	yes	no	yes	no	yes	no	no	no	yes	yes	NA	no	no	no	yes	no	yes	yes	NA	yes	no	no	yes	no	yes	yes	yes	no	no	no	no	no	no	no	yes	yes	no	no	no	no	NA	no	no	no	no	no	no	no	NA	no	no	no	no	no	no	no	NA	NA	NA	NA	no	no	yes	no	no	no	no	yes	no	no	no	no	yes	yes	no	no	no	no	no	no	no	no	no	no	yes	yes	no	no	no	no	no	no	no	no	no	no	no	no	NA	no	no	no	no	NA	no	no	no	no	no	no	no	no	NA	no	yes	no	no	yes	NA	NA	NA	yes	no	no	no	no	NA	no	no	no	no	yes	NA	no	NA	NA	no	yes	no	no	yes	no	yes	no	no	no	no	no	NA	no	yes	no	no	no	NA	NA	no	yes	yes	yes	yes	yes	no	no	no	no	no	yes	yes	no	NA	yes	no	no	no	no	no	yes	no	no	no	no	no	no	yes	yes	yes	no	no	no	no
SantiagoChazumbaMixtec	no	no	no	yes	no	NA	NA	no	NA	NA	NA	no	no	NA	no	no	no	no	yes	no	no	no	no	yes	no	no	yes	yes	no	no	no	yes	no	no	yes	no	yes	no	yes	yes	yes	yes	no	yes	yes	yes	yes	yes	yes	no	no	no	no	no	no	no	no	no	no	no	NA	no	yes	no	no	no	no	no	NA	no	NA	no	NA	no	yes	no	yes	yes	NA	yes	no	no	yes	yes	no	yes	yes	NA	no	NA	no	no	no	no	no	NA	no	no	no	no	NA	no	yes	yes	no	yes	yes	NA	NA	yes	yes	yes	yes	no	no	no	yes	no	no	yes	no	no	yes	no	no	no	yes	no	yes	no	yes	no	yes	yes	no	no	no	no	no	no	no	no	no	no	yes	yes	no	no	NA	no	yes	NA	no	no	NA	no	no	no	no	no	no	no	no	NA	no	no	no	no	no	no	no	no	no	no	no	NA	no	no	NA	NA	NA	no	no	no	no	no	NA	no	no	no	no	no	no	no	NA	NA	no	no	no	no	no	no	no	no	no	no	no	no	NA	NA	no	no	no	no	yes	yes	no	no	no	NA	NA	yes	no	no	no	no	no	yes	yes	no	NA	no	no	no	no	no	no	yes	no	no	no	no	no	no	yes	yes	yes	no	no	no	no
SantiagoIxtaltepecMixtec	no	no	no	no	no	NA	NA	no	NA	NA	NA	no	no	yes	no	no	no	no	no	no	no	no	yes	no	no	no	yes	yes	no	yes	yes	yes	yes	no	no	no	yes	no	yes	yes	yes	yes	yes	yes	yes	yes	yes	yes	yes	no	no	yes	no	no	no	no	no	no	yes	yes	NA	no	yes	no	no	no	no	no	NA	yes	NA	no	NA	no	no	no	yes	yes	NA	yes	no	no	yes	yes	no	no	yes	NA	yes	NA	NA	no	no	no	yes	NA	no	no	no	no	no	no	yes	yes	no	yes	yes	yes	yes	yes	yes	yes	yes	no	no	no	no	no	no	no	no	no	yes	no	no	no	yes	no	yes	no	yes	no	yes	yes	no	no	no	no	no	no	no	no	no	no	yes	no	no	no	NA	no	no	NA	no	no	NA	no	no	no	no	no	yes	no	yes	no	no	no	no	no	no	no	no	no	no	no	no	NA	no	no	NA	NA	NA	no	no	no	no	no	NA	no	no	no	no	no	no	no	NA	NA	no	no	no	no	NA	no	no	no	no	no	yes	yes	NA	NA	yes	yes	no	no	no	yes	no	yes	yes	NA	NA	yes	yes	no	no	no	no	yes	yes	no	NA	NA	no	no	NA	no	NA	yes	no	no	NA	NA	no	no	yes	yes	yes	no	no	no	no
SantiagoIxtayutlaMixtec	no	no	no	yes	no	yes	no	no	NA	NA	NA	no	no	no	no	no	no	no	no	no	no	no	no	yes	no	no	yes	yes	no	yes	yes	yes	no	no	NA	NA	yes	no	yes	yes	yes	yes	yes	yes	yes	yes	yes	yes	yes	no	no	no	no	no	no	no	no	no	no	no	NA	no	yes	no	yes	no	no	no	NA	yes	no	no	NA	no	no	no	yes	yes	NA	yes	no	no	yes	yes	no	no	yes	NA	no	NA	no	no	no	no	yes	NA	no	no	no	yes	no	yes	yes	yes	no	yes	yes	NA	yes	yes	yes	yes	yes	no	no	no	yes	no	no	no	no	no	yes	no	no	no	yes	no	yes	no	yes	no	no	no	no	no	no	yes	yes	no	no	no	no	no	no	no	no	no	NA	no	no	NA	no	no	NA	no	no	no	no	no	no	no	yes	yes	no	no	no	no	no	no	no	no	no	no	no	NA	no	no	no	no	no	no	no	no	no	no	NA	no	no	no	no	no	no	no	no	no	no	no	no	no	no	no	no	no	no	no	no	no	no	NA	no	no	no	no	no	no	no	no	no	NA	NA	yes	no	no	no	no	no	no	no	no	NA	no	no	no	no	no	no	no	no	no	no	no	no	no	no	no	no	no	no	no	no
SantiagoJamiltepecMixtec	no	no	no	yes	no	no	no	no	NA	NA	NA	no	no	no	no	no	no	no	no	no	no	no	no	yes	no	no	yes	yes	no	yes	yes	yes	no	no	NA	NA	yes	no	yes	yes	yes	NA	yes	yes	yes	yes	yes	yes	yes	no	no	no	no	no	no	no	no	no	no	no	yes	no	yes	no	yes	no	no	no	no	yes	no	no	no	no	no	no	yes	no	NA	yes	no	no	yes	yes	no	no	yes	no	no	no	no	no	no	no	yes	no	no	no	no	yes	no	yes	no	no	no	no	yes	NA	no	yes	yes	yes	yes	no	no	no	yes	no	no	no	no	no	yes	no	no	no	yes	no	yes	no	yes	no	no	no	no	no	no	yes	yes	no	no	no	no	no	no	no	no	no	no	no	no	no	no	no	no	no	no	NA	no	no	no	no	yes	yes	no	no	no	no	no	no	no	no	no	no	no	no	no	no	NA	NA	NA	no	no	no	no	no	no	no	yes	no	no	no	no	no	NA	NA	no	no	no	no	no	no	no	no	no	no	no	no	no	no	no	no	no	no	no	no	no	no	no	yes	NA	yes	no	no	no	no	no	no	no	no	NA	no	no	no	no	no	no	no	no	no	no	no	no	no	no	no	no	no	no	no	no
SantiagoJuxtlahuacaMixtec	no	no	no	yes	no	yes	no	no	NA	NA	NA	no	no	no	no	no	no	no	no	yes	no	no	no	yes	no	no	yes	yes	no	yes	no	yes	no	no	yes	no	yes	no	yes	yes	yes	yes	yes	yes	yes	yes	yes	yes	yes	no	no	yes	no	no	no	no	no	no	no	no	NA	no	yes	no	no	no	no	no	NA	no	no	no	NA	no	no	no	yes	yes	NA	yes	no	no	yes	yes	no	no	yes	NA	no	NA	no	no	no	no	no	NA	no	no	no	no	no	no	yes	yes	no	yes	yes	yes	yes	yes	yes	yes	yes	no	no	no	yes	no	no	no	no	no	yes	no	no	no	yes	no	yes	no	yes	no	no	no	no	no	no	yes	yes	no	no	no	no	no	yes	no	no	no	NA	no	no	NA	no	yes	NA	no	no	no	no	no	no	no	yes	yes	no	no	no	no	no	no	no	no	no	no	no	NA	no	no	NA	NA	NA	no	no	no	no	no	NA	no	no	no	no	no	no	no	NA	NA	no	no	no	no	no	no	no	no	no	no	no	no	no	NA	no	no	no	no	no	no	no	no	no	NA	NA	yes	no	no	no	yes	no	no	no	no	NA	no	no	no	no	no	no	no	no	no	no	no	no	NA	yes	yes	yes	no	no	no	no
SantiagoNuyooMixtec	NA	no	no	yes	no	no	no	no	NA	NA	NA	no	no	no	yes	yes	yes	no	no	no	no	no	no	no	no	no	yes	no	no	NA	no	no	no	no	yes	no	no	no	yes	yes	yes	yes	no	yes	no	yes	yes	no	yes	no	no	no	no	no	no	no	no	no	no	no	NA	no	no	no	no	no	no	no	NA	yes	no	yes	NA	no	no	no	yes	yes	NA	yes	no	yes	yes	yes	no	no	yes	NA	no	NA	no	no	no	no	yes	NA	no	no	no	no	no	no	yes	yes	no	yes	NA	NA	yes	yes	yes	yes	yes	no	no	no	yes	no	no	no	no	no	yes	no	no	no	yes	no	yes	no	yes	no	no	no	no	no	no	yes	yes	no	no	no	no	no	yes	no	no	no	NA	no	no	NA	no	no	NA	no	no	no	NA	no	no	no	no	NA	no	no	no	no	no	no	no	no	no	no	no	NA	no	no	NA	NA	NA	no	no	no	no	no	NA	no	no	no	no	no	no	no	NA	NA	no	no	no	no	no	no	no	no	no	no	no	no	no	NA	no	no	no	no	no	no	no	no	no	NA	NA	yes	yes	no	no	no	no	no	no	no	NA	no	no	no	no	no	no	no	yes	yes	yes	yes	no	no	no	yes	no	no	no	no	NA
SantiagoPinotepaNacionalMixtec	no	NA	NA	yes	no	yes	no	no	NA	NA	NA	no	no	no	no	no	no	no	no	no	no	no	no	no	no	no	yes	yes	no	yes	yes	yes	no	no	NA	NA	yes	no	yes	yes	yes	yes	yes	yes	yes	yes	yes	yes	yes	no	no	yes	no	no	no	no	no	no	no	no	NA	no	yes	no	no	no	no	no	NA	yes	NA	no	NA	no	yes	no	yes	no	yes	no	no	no	yes	yes	no	yes	no	NA	no	NA	no	no	no	no	yes	NA	no	no	no	no	no	no	yes	yes	no	yes	yes	NA	yes	yes	yes	yes	yes	no	no	no	NA	NA	NA	NA	no	no	yes	no	no	no	yes	no	yes	no	yes	no	no	no	no	no	no	yes	yes	no	no	no	no	no	no	no	no	no	NA	no	no	NA	no	no	NA	no	no	no	no	no	no	no	no	no	no	no	no	no	no	no	no	no	no	no	no	NA	no	no	NA	NA	NA	no	no	no	no	no	NA	no	no	no	NA	no	no	no	NA	NA	no	no	no	no	no	no	no	no	no	no	no	no	no	NA	no	no	no	yes	yes	yes	no	no	yes	NA	NA	yes	no	no	no	no	no	no	no	no	NA	no	no	no	no	no	no	no	no	no	no	no	no	no	yes	yes	yes	no	no	no	no
SantiagoTamazolaMixtec	NA	no	no	yes	no	NA	NA	no	NA	NA	NA	yes	no	no	no	no	no	no	no	no	no	no	no	no	no	no	yes	yes	no	no	no	yes	no	yes	yes	no	yes	no	yes	NA	yes	yes	yes	yes	yes	yes	yes	yes	yes	no	no	yes	yes	no	no	no	no	no	no	no	NA	no	yes	no	NA	yes	yes	no	NA	no	no	no	NA	no	no	no	yes	NA	yes	yes	no	no	yes	yes	no	NA	yes	NA	no	NA	no	no	no	no	no	NA	yes	no	no	no	NA	no	yes	yes	no	yes	NA	NA	NA	yes	yes	yes	no	no	no	no	no	yes	no	no	no	no	yes	no	no	no	no	yes	yes	no	yes	no	yes	yes	no	no	no	no	no	no	no	no	no	no	yes	yes	no	no	NA	no	no	NA	no	no	NA	no	no	no	no	no	no	no	no	no	no	no	no	no	no	yes	no	no	no	no	no	NA	no	yes	NA	NA	NA	NA	NA	no	no	no	NA	NA	no	NA	no	no	no	no	NA	NA	no	yes	yes	no	NA	no	yes	no	no	no	no	no	NA	NA	no	no	no	no	NA	NA	no	no	no	NA	NA	yes	no	no	no	no	no	yes	yes	yes	NA	yes	no	no	no	no	no	no	no	no	no	no	no	no	yes	yes	yes	no	no	no	NA
SantiagoTilantongoMixtec	no	no	no	no	no	NA	NA	no	NA	NA	NA	no	no	no	no	no	no	no	no	no	no	no	no	no	no	no	yes	yes	no	NA	no	no	yes	no	NA	NA	no	no	yes	yes	no	yes	no	yes	yes	yes	yes	no	yes	no	no	no	no	no	yes	yes	no	no	yes	yes	yes	no	yes	no	no	no	no	no	NA	yes	NA	no	NA	no	no	no	yes	yes	NA	yes	no	no	NA	no	yes	yes	NA	NA	no	NA	yes	yes	no	no	yes	NA	no	no	no	no	no	no	yes	yes	no	no	yes	yes	NA	yes	yes	yes	yes	no	no	no	NA	NA	no	NA	no	no	yes	no	no	no	yes	no	yes	no	no	no	yes	yes	no	no	no	no	no	no	no	no	no	no	yes	no	no	no	NA	no	no	NA	no	no	NA	no	no	no	NA	no	no	no	no	NA	no	yes	yes	no	no	no	no	no	no	no	no	no	no	no	NA	NA	NA	no	no	no	no	no	NA	no	no	no	no	no	no	no	NA	NA	no	no	no	no	NA	no	no	no	no	no	yes	yes	no	NA	yes	yes	yes	yes	no	no	yes	yes	yes	NA	NA	yes	no	no	no	no	no	yes	yes	yes	NA	yes	no	no	no	no	no	no	no	no	no	no	no	no	no	no	no	no	yes	no	no
SantiagoTlazoyaltepecMixtec	NA	no	no	no	no	NA	NA	no	NA	NA	NA	no	no	yes	no	no	no	no	no	no	no	no	no	no	no	no	yes	yes	no	no	no	no	yes	no	no	no	no	no	yes	yes	no	no	no	yes	no	NA	yes	no	yes	no	no	no	no	no	yes	yes	no	no	yes	yes	NA	no	yes	no	no	no	NA	NA	NA	yes	NA	no	NA	no	no	no	yes	yes	NA	yes	no	no	yes	no	yes	yes	yes	NA	no	NA	no	no	no	no	yes	NA	no	no	no	no	NA	no	yes	yes	no	yes	yes	NA	yes	yes	yes	yes	yes	no	no	no	yes	no	no	no	no	no	yes	no	no	no	yes	no	yes	no	yes	no	yes	yes	no	no	no	no	no	no	no	no	no	no	yes	no	no	no	NA	no	no	NA	no	no	NA	no	no	no	NA	no	no	no	no	NA	no	yes	yes	no	no	no	no	no	no	no	no	no	no	no	NA	NA	NA	no	no	no	no	no	NA	no	NA	no	no	no	no	no	NA	NA	no	no	no	no	no	no	no	no	no	no	yes	yes	NA	NA	no	no	no	yes	yes	yes	no	yes	yes	NA	NA	yes	no	no	no	no	no	yes	yes	no	NA	yes	no	no	no	no	no	no	no	no	no	no	no	no	no	no	no	no	no	no	NA
SantiagoYosonduaMixtec	no	no	no	yes	no	yes	no	no	no	no	NA	no	no	no	no	no	no	no	no	no	no	no	no	no	no	yes	yes	yes	no	yes	no	yes	no	no	yes	no	yes	no	yes	yes	yes	yes	yes	yes	yes	yes	yes	yes	yes	no	no	no	no	no	yes	yes	no	no	yes	yes	yes	no	yes	yes	yes	no	no	no	no	yes	NA	yes	no	no	no	no	yes	yes	NA	yes	no	no	yes	yes	no	no	yes	yes	no	no	no	no	no	no	yes	no	no	no	no	no	no	no	yes	yes	no	yes	yes	yes	yes	yes	yes	yes	yes	no	no	no	yes	no	no	no	no	no	yes	no	no	no	yes	no	yes	no	yes	no	no	no	no	no	no	yes	yes	no	no	no	no	no	yes	no	no	no	yes	no	no	no	no	no	no	no	no	yes	yes	no	no	no	no	no	no	no	no	yes	no	no	no	no	no	no	no	no	no	no	no	no	yes	no	no	no	no	no	no	no	no	no	no	no	no	no	NA	NA	no	no	no	no	no	no	no	no	no	no	yes	yes	no	no	no	no	yes	no	no	no	no	yes	yes	yes	yes	yes	no	no	no	no	no	no	no	no	no	no	no	no	no	no	no	no	NA	yes	no	no	no	yes	no	no	no	no	no	no	yes
SantoDomingoHuendioMixtec	no	NA	NA	yes	no	no	no	no	NA	NA	no	no	no	no	no	no	no	no	no	no	no	no	no	no	no	no	yes	yes	no	no	no	yes	no	no	no	no	yes	no	yes	yes	no	yes	no	yes	yes	yes	yes	no	yes	no	no	no	no	no	no	no	no	no	yes	yes	NA	no	yes	no	NA	no	no	no	no	yes	no	yes	NA	no	no	no	yes	yes	yes	yes	no	no	yes	no	yes	yes	yes	NA	yes	NA	no	no	no	no	yes	no	no	no	no	no	no	no	yes	yes	no	yes	yes	NA	yes	yes	yes	yes	yes	no	no	no	yes	no	no	no	no	no	yes	no	no	no	yes	no	yes	no	yes	no	no	no	no	no	no	yes	yes	no	no	no	no	no	yes	no	no	no	no	no	no	no	no	no	yes	no	no	no	NA	no	no	no	no	NA	no	yes	yes	no	no	no	no	no	no	no	no	no	no	no	NA	NA	NA	no	no	no	no	no	no	no	no	no	no	no	no	no	NA	NA	no	no	no	no	no	no	no	no	no	no	no	no	no	NA	no	no	yes	no	no	no	no	yes	yes	NA	NA	yes	no	no	no	no	no	no	no	no	NA	no	no	no	no	no	no	no	yes	NA	no	no	no	no	yes	yes	yes	no	no	no	no
SantoDomingoNuxaaMixtec	no	no	no	no	no	NA	NA	no	NA	NA	NA	no	no	yes	no	no	no	no	no	no	no	no	no	no	no	no	yes	yes	no	NA	no	no	yes	no	no	no	no	no	yes	yes	no	no	no	yes	no	no	yes	no	yes	no	no	no	no	no	no	no	no	no	yes	yes	NA	no	yes	no	no	no	no	no	NA	yes	NA	no	NA	no	no	no	yes	yes	NA	yes	no	no	yes	yes	no	no	no	NA	no	NA	no	no	no	no	yes	NA	no	no	no	no	no	no	yes	yes	no	yes	yes	no	yes	yes	yes	yes	yes	no	no	no	no	no	no	yes	no	no	yes	no	no	no	yes	no	yes	no	yes	no	yes	yes	no	no	no	no	no	no	no	no	no	no	yes	no	no	no	yes	yes	no	no	no	no	no	no	no	no	NA	no	no	no	no	NA	yes	no	no	no	no	no	no	no	no	no	no	no	no	no	NA	NA	NA	no	no	no	no	no	NA	no	no	no	no	no	no	no	NA	NA	no	no	no	no	NA	no	no	no	no	no	no	no	no	NA	no	no	yes	no	no	yes	no	yes	yes	NA	NA	yes	no	no	no	no	no	yes	yes	yes	NA	yes	no	no	no	no	no	no	no	no	no	no	no	no	yes	yes	yes	no	no	no	no
SantoDomingoTonahuixtlaMixtec	no	no	no	yes	no	NA	NA	no	NA	NA	NA	no	no	no	no	no	no	no	yes	no	no	no	no	yes	no	no	yes	yes	no	NA	no	yes	no	no	yes	no	yes	no	yes	yes	yes	yes	no	yes	yes	yes	yes	yes	yes	no	no	no	no	no	no	no	no	no	no	no	NA	no	yes	no	NA	no	no	no	NA	no	NA	no	NA	no	yes	no	yes	yes	yes	yes	no	no	no	no	yes	yes	yes	NA	no	NA	no	no	no	no	no	NA	no	no	no	no	no	no	yes	yes	no	yes	yes	NA	yes	yes	yes	yes	yes	no	no	no	yes	no	no	no	no	no	yes	no	no	no	yes	no	yes	no	yes	no	yes	yes	no	no	no	no	no	no	no	no	no	no	yes	yes	no	no	no	no	no	no	no	no	no	no	yes	no	no	no	no	no	no	yes	no	no	yes	no	no	no	no	no	no	no	no	NA	no	no	NA	NA	NA	no	no	no	no	no	NA	no	NA	no	no	no	no	no	NA	NA	no	no	no	no	no	no	no	no	no	no	no	no	NA	NA	no	no	no	yes	yes	yes	no	yes	yes	NA	NA	yes	no	no	no	no	no	yes	yes	NA	NA	no	no	no	no	no	yes	yes	no	no	no	no	no	no	yes	yes	yes	no	no	no	no
SantoTomasOcotepecMixtec	no	no	no	yes	no	yes	no	no	no	no	NA	no	no	no	yes	no	no	no	no	no	no	no	no	no	no	no	yes	yes	no	no	no	no	no	no	no	no	no	no	yes	yes	yes	yes	no	yes	no	yes	yes	no	yes	no	no	no	no	no	no	no	no	no	yes	yes	yes	no	yes	no	no	no	no	no	no	no	no	yes	no	no	no	no	yes	yes	NA	yes	yes	yes	yes	yes	no	no	yes	yes	no	no	no	no	no	no	no	no	no	no	no	no	no	no	yes	yes	no	yes	yes	NA	yes	yes	yes	yes	yes	no	no	no	yes	no	no	no	no	no	yes	no	no	no	yes	no	yes	no	yes	no	no	no	no	no	no	yes	yes	no	no	no	no	no	yes	no	no	no	no	no	no	no	no	no	no	no	no	no	NA	no	no	no	no	NA	no	no	no	no	no	no	no	no	no	no	no	no	no	no	no	no	yes	no	no	no	no	no	no	no	no	no	no	no	no	no	NA	NA	no	no	no	no	no	no	no	no	no	no	no	no	NA	no	no	no	no	no	yes	yes	no	yes	yes	yes	yes	yes	yes	no	no	no	no	no	no	no	NA	no	no	no	no	no	no	no	yes	yes	no	no	no	no	yes	yes	yes	no	no	no	no
SantosReyesTepejilloMixtec	no	no	no	yes	no	yes	no	no	NA	NA	NA	no	no	yes	no	no	no	yes	no	no	no	yes	no	no	no	no	yes	yes	no	no	yes	yes	no	no	yes	no	yes	no	yes	yes	yes	yes	yes	yes	yes	yes	yes	yes	yes	no	no	yes	yes	no	no	no	no	no	no	yes	NA	no	yes	no	no	no	no	no	NA	yes	NA	no	NA	NA	NA	no	yes	yes	NA	yes	no	no	yes	yes	no	no	yes	NA	no	NA	no	no	no	no	yes	NA	no	no	no	no	no	NA	yes	yes	no	yes	yes	NA	yes	no	no	yes	no	no	no	no	no	no	no	no	no	no	yes	no	no	no	no	yes	yes	no	no	no	no	no	no	no	no	yes	yes	no	no	no	no	no	yes	yes	no	yes	NA	yes	no	NA	no	no	NA	no	no	yes	yes	no	no	no	no	no	no	no	no	no	no	no	no	no	yes	no	no	NA	no	no	NA	NA	NA	no	yes	no	no	no	NA	yes	no	no	no	no	yes	yes	NA	NA	no	yes	no	no	yes	yes	yes	no	no	no	no	no	no	NA	no	yes	no	no	no	yes	no	yes	no	NA	NA	yes	no	no	no	no	no	yes	yes	yes	NA	yes	no	no	no	no	no	no	no	no	no	no	no	no	yes	yes	yes	no	yes	no	no
TepangoMixtec	no	no	no	no	yes	yes	no	no	no	no	NA	no	no	no	no	no	no	no	no	no	no	no	no	yes	no	no	yes	yes	no	no	no	yes	no	no	yes	no	yes	no	yes	yes	yes	yes	yes	yes	yes	yes	yes	yes	no	no	no	no	no	no	no	no	no	no	no	no	no	no	yes	no	no	no	no	no	NA	no	no	no	no	no	yes	no	yes	yes	yes	yes	no	no	yes	yes	no	no	yes	no	no	no	no	no	no	no	no	NA	no	no	no	yes	no	no	yes	yes	no	yes	yes	NA	yes	yes	yes	yes	yes	no	no	no	yes	no	no	no	no	no	yes	no	no	no	yes	no	yes	no	yes	no	no	no	no	no	no	yes	yes	no	no	no	no	no	yes	no	no	no	no	no	no	no	no	no	yes	no	no	no	no	no	no	no	no	yes	no	no	no	no	no	no	no	no	no	no	no	no	no	no	no	no	no	yes	no	no	no	no	no	no	no	no	no	no	no	no	no	no	no	no	yes	no	yes	yes	yes	yes	no	no	no	no	no	no	no	no	no	no	no	no	no	no	no	no	no	yes	no	no	no	no	no	yes	yes	yes	NA	yes	no	no	no	no	no	no	no	no	no	no	no	no	yes	yes	yes	no	no	no	no
TepejilloMixtec	no	no	no	yes	no	NA	NA	no	NA	NA	NA	no	no	no	no	no	no	no	yes	no	no	no	no	yes	no	no	yes	yes	no	no	no	yes	no	no	yes	no	yes	no	yes	yes	yes	yes	no	yes	yes	yes	yes	yes	yes	no	no	yes	no	no	no	no	no	no	no	no	NA	no	yes	no	no	no	no	no	NA	no	NA	no	NA	no	yes	no	yes	yes	yes	yes	no	no	yes	yes	no	yes	yes	NA	no	NA	no	no	no	no	no	NA	no	no	no	no	yes	no	yes	yes	no	yes	yes	NA	yes	yes	yes	yes	yes	no	no	no	yes	no	no	no	no	no	yes	no	no	no	yes	no	yes	no	yes	no	yes	yes	no	no	no	no	no	no	no	no	no	no	yes	yes	no	no	no	no	no	no	no	no	no	no	yes	no	no	no	no	no	no	yes	no	no	no	no	no	no	no	no	no	no	no	NA	no	no	NA	NA	NA	no	no	no	no	no	NA	no	NA	no	no	no	no	no	NA	NA	no	no	no	no	no	no	no	no	no	no	no	no	no	NA	yes	no	no	yes	yes	yes	no	yes	no	NA	NA	yes	no	no	no	no	no	yes	yes	no	NA	no	no	no	no	no	yes	yes	no	no	no	no	no	no	yes	yes	yes	no	no	no	no
TlahuapaMixtec	yes	NA	NA	yes	no	yes	no	no	no	no	no	no	no	no	no	no	no	no	no	no	no	no	no	no	no	no	yes	yes	no	yes	yes	yes	no	no	yes	no	yes	no	yes	yes	yes	yes	yes	yes	yes	yes	yes	yes	yes	no	no	no	no	no	no	no	no	no	no	no	no	no	yes	no	yes	no	no	no	NA	no	NA	no	no	no	yes	no	yes	no	yes	no	no	no	yes	yes	no	no	yes	no	no	no	no	no	no	no	no	NA	no	no	no	no	NA	no	yes	yes	no	yes	yes	NA	NA	yes	yes	yes	yes	no	no	no	yes	no	no	no	no	no	yes	no	no	no	yes	no	yes	no	no	no	no	no	no	no	no	yes	yes	no	no	no	no	no	yes	yes	no	no	no	no	no	no	no	no	yes	no	no	no	no	no	no	no	no	no	no	no	no	no	no	no	no	no	no	no	no	no	yes	no	no	no	no	no	no	no	no	no	no	no	no	no	NA	no	no	no	NA	NA	no	no	no	no	NA	yes	yes	no	no	no	no	no	no	no	no	no	no	no	no	no	no	no	no	no	no	yes	no	no	no	no	no	yes	yes	yes	yes	no	no	no	no	no	yes	no	no	no	no	no	no	no	yes	yes	yes	no	no	no	no
XayacatlanBravoMixtec	no	no	no	yes	no	NA	NA	no	NA	NA	NA	no	no	NA	no	no	no	no	yes	no	no	no	no	yes	no	no	yes	yes	no	no	no	yes	no	no	yes	no	yes	no	yes	yes	yes	yes	no	yes	yes	yes	yes	yes	yes	no	no	no	no	no	no	no	no	no	NA	no	NA	no	yes	no	yes	no	no	no	NA	no	NA	no	NA	no	yes	no	yes	yes	yes	yes	no	no	yes	no	yes	yes	yes	NA	no	NA	no	no	no	no	no	NA	no	no	no	no	NA	no	yes	yes	no	yes	yes	NA	NA	yes	yes	yes	yes	no	no	no	yes	no	no	no	no	no	yes	no	no	no	yes	no	yes	no	yes	no	yes	yes	no	no	no	no	no	no	no	no	no	no	yes	no	no	no	no	no	no	no	no	no	no	no	yes	no	no	no	no	no	no	yes	no	yes	yes	no	no	no	no	no	no	no	no	NA	no	no	NA	NA	NA	no	no	no	no	no	NA	no	NA	no	no	no	no	no	NA	NA	no	no	no	no	no	no	no	no	no	no	no	no	NA	NA	no	no	no	yes	yes	yes	no	yes	yes	NA	NA	yes	no	no	no	no	no	yes	yes	no	NA	no	no	no	no	no	yes	yes	no	no	no	no	no	no	yes	yes	yes	no	no	no	no
XochapaMixtec	yes	no	no	yes	no	yes	no	no	no	no	no	no	no	no	no	no	no	no	no	no	no	no	no	no	no	no	yes	yes	no	yes	yes	yes	no	no	yes	no	yes	NA	NA	NA	yes	yes	yes	yes	yes	yes	yes	yes	yes	no	no	no	no	no	no	no	no	no	no	no	no	no	yes	no	yes	no	yes	no	NA	no	NA	no	no	no	yes	no	yes	yes	yes	yes	no	no	yes	yes	no	no	yes	no	no	no	no	no	no	no	no	NA	no	no	no	no	NA	no	yes	yes	no	yes	yes	NA	NA	yes	yes	yes	NA	NA	NA	NA	yes	no	no	no	no	NA	NA	NA	NA	NA	NA	NA	NA	NA	yes	no	no	no	no	no	no	yes	yes	no	no	no	no	no	yes	no	no	no	no	no	no	no	no	no	yes	no	no	no	no	no	no	no	no	no	no	no	no	no	no	no	no	no	no	no	no	no	yes	no	no	no	no	no	no	no	no	no	no	no	no	no	NA	no	NA	no	no	yes	NA	NA	yes	yes	NA	yes	yes	no	no	no	no	no	no	NA	no	no	no	no	NA	no	no	no	no	no	no	yes	no	no	no	no	no	yes	yes	yes	yes	NA	no	no	no	no	NA	no	no	no	no	NA	no	no	yes	yes	yes	no	no	no	no
YoloxochitlMixtec	yes	no	no	yes	no	yes	no	no	no	no	no	no	no	no	no	no	no	no	no	no	no	no	no	no	no	no	yes	yes	no	yes	yes	yes	no	no	yes	no	yes	no	yes	yes	yes	yes	yes	yes	yes	yes	yes	yes	yes	no	no	no	no	no	no	no	no	no	no	no	no	no	yes	no	yes	no	no	no	NA	no	no	no	no	no	yes	no	yes	no	yes	no	no	no	yes	yes	no	no	yes	no	no	no	no	no	no	no	no	NA	no	no	no	no	no	no	yes	yes	no	yes	yes	NA	yes	yes	yes	yes	yes	no	no	no	yes	no	no	no	no	no	yes	no	no	no	yes	no	yes	no	yes	no	no	no	no	no	no	yes	yes	no	no	no	no	yes	yes	no	no	no	no	no	no	no	no	no	yes	no	no	no	no	no	no	no	no	no	no	no	no	no	no	no	no	no	no	no	no	no	no	no	no	no	no	no	no	no	no	no	no	no	no	no	no	no	no	no	no	no	no	no	no	no	no	yes	yes	no	no	no	no	no	no	no	no	no	no	no	no	no	no	no	no	no	no	yes	yes	no	no	no	no	yes	yes	yes	yes	no	no	no	no	no	NA	no	no	no	no	no	no	no	yes	yes	yes	no	no	no	no
YucunaniMixtec	no	NA	NA	yes	no	yes	no	no	no	no	yes	no	no	yes	no	no	no	no	no	no	no	yes	no	no	no	no	yes	yes	no	yes	yes	yes	no	no	yes	no	yes	no	yes	yes	yes	yes	yes	yes	yes	yes	yes	yes	yes	no	no	yes	no	no	no	no	no	no	no	no	yes	no	yes	no	NA	no	no	no	NA	no	NA	yes	no	no	yes	no	yes	yes	yes	yes	no	no	yes	NA	no	yes	yes	yes	no	no	no	no	no	no	no	NA	yes	no	no	no	no	no	yes	yes	no	yes	yes	NA	yes	yes	yes	yes	yes	no	no	no	yes	no	no	no	no	no	yes	no	no	no	yes	no	yes	no	yes	no	no	no	no	no	no	yes	yes	no	no	no	no	no	yes	yes	no	no	yes	no	no	no	no	no	no	no	no	yes	yes	no	no	no	no	no	no	no	no	no	no	no	no	no	no	no	no	no	no	no	no	no	yes	no	no	no	no	no	no	no	no	no	no	no	no	no	NA	NA	no	no	no	no	no	no	no	no	no	no	no	no	no	no	yes	no	no	no	no	no	no	no	no	yes	yes	yes	yes	no	yes	no	no	no	no	no	no	no	no	no	no	no	no	no	no	no	no	no	no	no	yes	yes	yes	no	no	no	no
YucunutiBenitoJuarezMixtec	no	no	no	yes	no	NA	NA	no	NA	NA	NA	yes	no	no	no	no	no	no	no	no	no	no	no	no	no	no	yes	yes	no	NA	no	yes	no	no	yes	no	yes	no	yes	yes	yes	yes	yes	yes	yes	yes	yes	yes	yes	no	no	yes	no	no	no	no	no	no	no	no	NA	no	yes	no	NA	no	no	no	NA	no	no	no	NA	no	no	no	yes	yes	yes	yes	no	no	no	no	yes	yes	yes	NA	no	NA	no	no	no	no	NA	NA	yes	no	no	no	no	no	yes	yes	no	yes	yes	NA	yes	yes	yes	yes	NA	no	no	NA	yes	no	no	no	no	NA	no	no	no	yes	yes	no	no	no	no	no	no	no	yes	yes	yes	no	no	no	no	no	no	no	yes	no	no	no	no	no	no	no	no	no	no	no	no	no	no	no	no	no	no	no	no	no	no	no	no	yes	no	no	no	no	yes	NA	yes	no	NA	NA	NA	yes	no	yes	no	no	NA	yes	no	yes	no	no	no	no	NA	NA	no	no	yes	no	yes	no	yes	no	no	no	no	no	NA	NA	yes	no	no	yes	yes	no	no	no	no	NA	NA	yes	no	no	no	no	no	yes	yes	no	NA	yes	no	no	no	no	no	yes	no	no	no	no	no	no	yes	yes	yes	no	yes	yes	no
YucuquimiOcampoMixtec	NA	NA	NA	yes	no	NA	NA	no	NA	NA	NA	no	yes	no	no	no	no	no	no	no	no	no	no	no	no	no	yes	yes	no	NA	no	yes	no	no	yes	no	yes	yes	NA	NA	yes	yes	yes	yes	yes	yes	yes	NA	yes	no	no	yes	no	no	no	no	yes	no	no	no	NA	yes	yes	no	NA	no	no	yes	NA	no	NA	no	NA	no	no	no	yes	yes	NA	yes	no	no	NA	no	yes	yes	yes	NA	no	NA	no	no	no	no	no	NA	no	no	yes	no	no	no	yes	no	yes	no	NA	NA	yes	no	yes	yes	no	NA	NA	yes	NA	NA	NA	NA	no	no	NA	NA	NA	NA	no	yes	yes	no	no	no	yes	yes	no	no	no	no	no	no	no	no	no	no	yes	yes	no	no	no	no	no	no	no	no	no	no	no	no	no	no	no	no	no	no	no	no	no	no	no	no	no	no	no	no	yes	NA	NA	NA	NA	NA	NA	no	no	yes	no	yes	yes	yes	no	no	no	yes	no	no	no	yes	no	no	no	no	yes	no	no	no	yes	yes	yes	yes	no	NA	yes	no	no	NA	yes	NA	no	no	yes	NA	NA	yes	NA	no	no	no	no	yes	yes	no	no	yes	no	no	no	no	no	yes	no	no	no	no	no	no	yes	yes	yes	no	no	no	NA
ZapotitlanPalmasMixtec	no	no	no	yes	no	NA	NA	no	NA	NA	NA	no	no	no	no	no	no	no	yes	no	no	no	no	no	no	no	yes	yes	no	no	no	yes	no	no	NA	NA	yes	no	yes	yes	yes	yes	no	yes	yes	yes	yes	no	yes	no	no	no	no	no	no	no	no	no	yes	yes	NA	no	yes	no	yes	no	no	no	NA	no	NA	no	NA	no	yes	no	yes	yes	yes	yes	no	no	yes	yes	no	yes	yes	NA	no	NA	no	no	no	no	no	NA	no	no	no	no	no	no	no	no	no	no	no	NA	no	no	no	no	no	no	no	NA	no	no	no	no	yes	NA	no	no	no	no	no	no	no	no	no	no	yes	yes	no	no	no	no	no	no	no	no	no	no	yes	yes	no	no	NA	no	yes	NA	no	no	NA	no	no	no	NA	no	no	no	no	NA	yes	no	no	no	no	no	no	no	no	no	no	NA	yes	no	NA	NA	NA	yes	no	no	no	yes	NA	yes	NA	NA	no	yes	no	no	NA	NA	yes	no	no	no	no	no	no	no	no	no	no	no	NA	NA	yes	no	no	no	yes	yes	no	yes	yes	NA	NA	yes	no	no	no	no	no	yes	yes	no	NA	yes	no	no	no	no	no	yes	no	no	no	no	no	no	yes	yes	yes	no	no	no	no
